SET foreign_key_checks = 0;
TRUNCATE framework.code;
TRUNCATE framework.code_map;
TRUNCATE framework.role_route_map;
TRUNCATE framework.icon_icon_group_map;
TRUNCATE framework.role_front_component_map;
TRUNCATE framework.menu;
TRUNCATE framework.route;
TRUNCATE framework.route;
TRUNCATE framework.front_component;
TRUNCATE framework.all_front_component;
TRUNCATE framework.icon;
TRUNCATE framework.icon_group;
TRUNCATE framework.icon_group_tree;
TRUNCATE framework.menu_role_map;
TRUNCATE framework.message_group;
TRUNCATE framework.message;
TRUNCATE framework.role;
TRUNCATE framework.role_group;
TRUNCATE framework.user;


# message_group
INSERT INTO framework.message_group (code, name)
VALUES ('E', '에러 메세지')
     , ('P', '일반 메세지')
     , ('FVM', 'Form validate message');

# message
INSERT INTO framework.message (group_code, code, name, text, sys_yn)
VALUES ('P', '0000', '일반', '{{0}}', 1)
     , ('E', '0000', '실패', '실패', 1)
     , ('E', '0001', 'SQL FAIL', 'SQL_FAIL({{0}})', 1)
     , ('E', '0002', 'NOT FOUNT VALUE', '존재하지 않는 값 입니다.', 1)
     , ('FVM', '0001', 'required', '${label}은(는) 필수 값입니다.', 1)
     , ('FVM', '0002', 'string.len', '${label}은(는) 길이 ${len} 만큼 필요.', 1)
     , ('FVM', '0003', 'string.min', '${label}은(는) 길이 ${min}이상 만큼 필요.', 1)
     , ('FVM', '0004', 'string.max', '${label}은(는) 길이 ${max}이하 만큼 필요.', 1)
     , ('FVM', '0005', 'number.len', '${label}은(는) ${len}와 같아야 합니다.', 1)
     , ('FVM', '0006', 'number.min', '${label}의 최솟값은 ${min}.', 1)
     , ('FVM', '0007', 'number.max', '${label}의 최댓값은 ${max}.', 1)
     , ('FVM', '0008', 'number.range', '${label}의 범위는 ${min} - ${max}', 1);
;

# front_component
INSERT INTO framework.front_component (id)
VALUES ('frameworkMenuManagement')
     , ('frameworkMessageManagement')
     , ('home')
     , ('menuManage');

# route
INSERT INTO framework.route (seq_no, path, front_component_id, parent_seq_no)
VALUES (1, '/', 'home', NULL)
     , (2, 'manage', NULL, 1)
     , (3, 'menu', 'menuManage', 2)
     , (4, 'framework', NULL, 1)
     , (5, 'menu', 'frameworkMenuManagement', 4)
     , (6, 'message', 'frameworkMessageManagement', 4);

# role
INSERT INTO framework.role (seq_no, name, identifier, role_group_seq_no)
VALUES (1, '최초 가입자', 'guest', NULL)
     , (2, '개발자', NULL, NULL);

# all_front_component
INSERT INTO framework.all_front_component (id, front_component_id)
VALUES ('FrameworkMenuManagement', 'frameworkMenuManagement')
     , ('FrameworkMessageManagement', 'frameworkMessageManagement')
     , ('Home', 'home')
     , ('MenuManagement', 'menuManage');

# role_front_component_map
INSERT
  INTO framework.role_front_component_map (role_seq_no, front_component_id, all_front_component_id)
VALUES (2, 'frameworkMenuManagement', 'FrameworkMenuManagement')
     , (2, 'frameworkMessageManagement', 'FrameworkMessageManagement')
     , (2, 'home', 'Home')
     , (2, 'menuManage', 'MenuManagement');

# user
INSERT
  INTO framework.user (id, role_seq_no)
VALUES ('102494101026679318764', 2)
     , ('107731247344180282964', 2)
     , ('116029307585897477435', 2);

# icon_group
INSERT INTO framework.icon_group (seq_no, name)
VALUES (1, 'filled')
     , (2, 'outlined')
     , (3, 'twotone');

# menu
INSERT INTO framework.menu (seq_no, name, icon_seq_no, route_seq_no)
VALUES (1, '관리', NULL, 2)
     , (2, '권한별 메뉴 관리', NULL, 3)
     , (3, '프레임워크', NULL, 4)
     , (4, '메뉴 관리', NULL, 5)
     , (5, '메세지 관리', NULL, 6);

# menu_role_map
INSERT INTO framework.menu_role_map (seq_no, menu_seq_no, role_seq_no, parent_seq_no, order_no)
VALUES (1, 1, 2, NULL, 1)
     , (2, 3, 2, NULL, 2)
     , (3, 1, 1, NULL, 1)
     , (4, 3, 1, NULL, 2)
     , (5, 2, 2, 1, 1)
     , (6, 4, 2, 2, 1)
     , (7, 5, 2, 2, 2)
     , (8, 2, 1, 3, 1)
     , (9, 4, 1, 4, 1)
     , (10, 5, 1, 4, 2);


#icon
INSERT INTO framework.icon (created_at, updated_at, `desc`, seq_no, name, file_path)
VALUES ('2023-04-21 17:18:21.785762', '2023-04-21 17:18:21.785762', NULL, 1, 'account-book', '/icon/filled/account-book.svg')
     , ('2023-04-21 17:18:21.785762', '2023-04-21 17:18:21.785762', NULL, 2, 'alert', '/icon/filled/alert.svg')
     , ('2023-04-21 17:18:21.785762', '2023-04-21 17:18:21.785762', NULL, 3, 'alipay-circle', '/icon/filled/alipay-circle.svg')
     , ('2023-04-21 17:18:21.785762', '2023-04-21 17:18:21.785762', NULL, 4, 'alipay-square', '/icon/filled/alipay-square.svg')
     , ('2023-04-21 17:18:21.785762', '2023-04-21 17:18:21.785762', NULL, 5, 'aliwangwang', '/icon/filled/aliwangwang.svg')
     , ('2023-04-21 17:18:21.785762', '2023-04-21 17:18:21.785762', NULL, 6, 'amazon-circle', '/icon/filled/amazon-circle.svg')
     , ('2023-04-21 17:18:21.785762', '2023-04-21 17:18:21.785762', NULL, 7, 'amazon-square', '/icon/filled/amazon-square.svg')
     , ('2023-04-21 17:18:21.785762', '2023-04-21 17:18:21.785762', NULL, 8, 'android', '/icon/filled/android.svg')
     , ('2023-04-21 17:18:21.785762', '2023-04-21 17:18:21.785762', NULL, 9, 'api', '/icon/filled/api.svg')
     , ('2023-04-21 17:18:21.785762', '2023-04-21 17:18:21.785762', NULL, 10, 'apple', '/icon/filled/apple.svg')
     , ('2023-04-21 17:18:21.785762', '2023-04-21 17:18:21.785762', NULL, 11, 'appstore', '/icon/filled/appstore.svg')
     , ('2023-04-21 17:18:21.785762', '2023-04-21 17:18:21.785762', NULL, 12, 'audio', '/icon/filled/audio.svg')
     , ('2023-04-21 17:18:21.785762', '2023-04-21 17:18:21.785762', NULL, 13, 'backward', '/icon/filled/backward.svg')
     , ('2023-04-21 17:18:21.785762', '2023-04-21 17:18:21.785762', NULL, 14, 'bank', '/icon/filled/bank.svg')
     , ('2023-04-21 17:18:21.785762', '2023-04-21 17:18:21.785762', NULL, 15, 'behance-circle', '/icon/filled/behance-circle.svg')
     , ('2023-04-21 17:18:21.785762', '2023-04-21 17:18:21.785762', NULL, 16, 'behance-square', '/icon/filled/behance-square.svg')
     , ('2023-04-21 17:18:21.785762', '2023-04-21 17:18:21.785762', NULL, 17, 'bell', '/icon/filled/bell.svg')
     , ('2023-04-21 17:18:21.785762', '2023-04-21 17:18:21.785762', NULL, 18, 'book', '/icon/filled/book.svg')
     , ('2023-04-21 17:18:21.785762', '2023-04-21 17:18:21.785762', NULL, 19, 'box-plot', '/icon/filled/box-plot.svg')
     , ('2023-04-21 17:18:21.785762', '2023-04-21 17:18:21.785762', NULL, 20, 'bug', '/icon/filled/bug.svg')
     , ('2023-04-21 17:18:21.785762', '2023-04-21 17:18:21.785762', NULL, 21, 'build', '/icon/filled/build.svg')
     , ('2023-04-21 17:18:21.785762', '2023-04-21 17:18:21.785762', NULL, 22, 'bulb', '/icon/filled/bulb.svg')
     , ('2023-04-21 17:18:21.785762', '2023-04-21 17:18:21.785762', NULL, 23, 'calculator', '/icon/filled/calculator.svg')
     , ('2023-04-21 17:18:21.785762', '2023-04-21 17:18:21.785762', NULL, 24, 'calendar', '/icon/filled/calendar.svg')
     , ('2023-04-21 17:18:21.785762', '2023-04-21 17:18:21.785762', NULL, 25, 'camera', '/icon/filled/camera.svg')
     , ('2023-04-21 17:18:21.785762', '2023-04-21 17:18:21.785762', NULL, 26, 'car', '/icon/filled/car.svg')
     , ('2023-04-21 17:18:21.785762', '2023-04-21 17:18:21.785762', NULL, 27, 'caret-down', '/icon/filled/caret-down.svg')
     , ('2023-04-21 17:18:21.785762', '2023-04-21 17:18:21.785762', NULL, 28, 'caret-left', '/icon/filled/caret-left.svg')
     , ('2023-04-21 17:18:21.785762', '2023-04-21 17:18:21.785762', NULL, 29, 'caret-right', '/icon/filled/caret-right.svg')
     , ('2023-04-21 17:18:21.785762', '2023-04-21 17:18:21.785762', NULL, 30, 'caret-up', '/icon/filled/caret-up.svg')
     , ('2023-04-21 17:18:21.785762', '2023-04-21 17:18:21.785762', NULL, 31, 'carry-out', '/icon/filled/carry-out.svg')
     , ('2023-04-21 17:18:21.785762', '2023-04-21 17:18:21.785762', NULL, 32, 'check-circle', '/icon/filled/check-circle.svg')
     , ('2023-04-21 17:18:21.785762', '2023-04-21 17:18:21.785762', NULL, 33, 'check-square', '/icon/filled/check-square.svg')
     , ('2023-04-21 17:18:21.785762', '2023-04-21 17:18:21.785762', NULL, 34, 'chrome', '/icon/filled/chrome.svg')
     , ('2023-04-21 17:18:21.785762', '2023-04-21 17:18:21.785762', NULL, 35, 'ci-circle', '/icon/filled/ci-circle.svg')
     , ('2023-04-21 17:18:21.785762', '2023-04-21 17:18:21.785762', NULL, 36, 'clock-circle', '/icon/filled/clock-circle.svg')
     , ('2023-04-21 17:18:21.785762', '2023-04-21 17:18:21.785762', NULL, 37, 'close-circle', '/icon/filled/close-circle.svg')
     , ('2023-04-21 17:18:21.785762', '2023-04-21 17:18:21.785762', NULL, 38, 'close-square', '/icon/filled/close-square.svg')
     , ('2023-04-21 17:18:21.785762', '2023-04-21 17:18:21.785762', NULL, 39, 'cloud', '/icon/filled/cloud.svg')
     , ('2023-04-21 17:18:21.785762', '2023-04-21 17:18:21.785762', NULL, 40, 'code-sandbox-circle', '/icon/filled/code-sandbox-circle.svg')
     , ('2023-04-21 17:18:21.785762', '2023-04-21 17:18:21.785762', NULL, 41, 'code-sandbox-square', '/icon/filled/code-sandbox-square.svg')
     , ('2023-04-21 17:18:21.785762', '2023-04-21 17:18:21.785762', NULL, 42, 'code', '/icon/filled/code.svg')
     , ('2023-04-21 17:18:21.785762', '2023-04-21 17:18:21.785762', NULL, 43, 'codepen-circle', '/icon/filled/codepen-circle.svg')
     , ('2023-04-21 17:18:21.785762', '2023-04-21 17:18:21.785762', NULL, 44, 'codepen-square', '/icon/filled/codepen-square.svg')
     , ('2023-04-21 17:18:21.785762', '2023-04-21 17:18:21.785762', NULL, 45, 'compass', '/icon/filled/compass.svg')
     , ('2023-04-21 17:18:21.785762', '2023-04-21 17:18:21.785762', NULL, 46, 'contacts', '/icon/filled/contacts.svg')
     , ('2023-04-21 17:18:21.785762', '2023-04-21 17:18:21.785762', NULL, 47, 'container', '/icon/filled/container.svg')
     , ('2023-04-21 17:18:21.785762', '2023-04-21 17:18:21.785762', NULL, 48, 'control', '/icon/filled/control.svg')
     , ('2023-04-21 17:18:21.785762', '2023-04-21 17:18:21.785762', NULL, 49, 'copy', '/icon/filled/copy.svg')
     , ('2023-04-21 17:18:21.785762', '2023-04-21 17:18:21.785762', NULL, 50, 'copyright-circle', '/icon/filled/copyright-circle.svg')
     , ('2023-04-21 17:18:21.785762', '2023-04-21 17:18:21.785762', NULL, 51, 'credit-card', '/icon/filled/credit-card.svg')
     , ('2023-04-21 17:18:21.785762', '2023-04-21 17:18:21.785762', NULL, 52, 'crown', '/icon/filled/crown.svg')
     , ('2023-04-21 17:18:21.785762', '2023-04-21 17:18:21.785762', NULL, 53, 'customer-service', '/icon/filled/customer-service.svg')
     , ('2023-04-21 17:18:21.785762', '2023-04-21 17:18:21.785762', NULL, 54, 'dashboard', '/icon/filled/dashboard.svg')
     , ('2023-04-21 17:18:21.785762', '2023-04-21 17:18:21.785762', NULL, 55, 'database', '/icon/filled/database.svg')
     , ('2023-04-21 17:18:21.785762', '2023-04-21 17:18:21.785762', NULL, 56, 'delete', '/icon/filled/delete.svg')
     , ('2023-04-21 17:18:21.785762', '2023-04-21 17:18:21.785762', NULL, 57, 'diff', '/icon/filled/diff.svg')
     , ('2023-04-21 17:18:21.785762', '2023-04-21 17:18:21.785762', NULL, 58, 'dingtalk-circle', '/icon/filled/dingtalk-circle.svg')
     , ('2023-04-21 17:18:21.785762', '2023-04-21 17:18:21.785762', NULL, 59, 'dingtalk-square', '/icon/filled/dingtalk-square.svg')
     , ('2023-04-21 17:18:21.785762', '2023-04-21 17:18:21.785762', NULL, 60, 'dislike', '/icon/filled/dislike.svg')
     , ('2023-04-21 17:18:21.785762', '2023-04-21 17:18:21.785762', NULL, 61, 'dollar-circle', '/icon/filled/dollar-circle.svg')
     , ('2023-04-21 17:18:21.785762', '2023-04-21 17:18:21.785762', NULL, 62, 'down-circle', '/icon/filled/down-circle.svg')
     , ('2023-04-21 17:18:21.785762', '2023-04-21 17:18:21.785762', NULL, 63, 'down-square', '/icon/filled/down-square.svg')
     , ('2023-04-21 17:18:21.785762', '2023-04-21 17:18:21.785762', NULL, 64, 'dribbble-circle', '/icon/filled/dribbble-circle.svg')
     , ('2023-04-21 17:18:21.785762', '2023-04-21 17:18:21.785762', NULL, 65, 'dribbble-square', '/icon/filled/dribbble-square.svg')
     , ('2023-04-21 17:18:21.785762', '2023-04-21 17:18:21.785762', NULL, 66, 'dropbox-circle', '/icon/filled/dropbox-circle.svg')
     , ('2023-04-21 17:18:21.785762', '2023-04-21 17:18:21.785762', NULL, 67, 'dropbox-square', '/icon/filled/dropbox-square.svg')
     , ('2023-04-21 17:18:21.785762', '2023-04-21 17:18:21.785762', NULL, 68, 'edit', '/icon/filled/edit.svg')
     , ('2023-04-21 17:18:21.785762', '2023-04-21 17:18:21.785762', NULL, 69, 'environment', '/icon/filled/environment.svg')
     , ('2023-04-21 17:18:21.785762', '2023-04-21 17:18:21.785762', NULL, 70, 'euro-circle', '/icon/filled/euro-circle.svg')
     , ('2023-04-21 17:18:21.785762', '2023-04-21 17:18:21.785762', NULL, 71, 'exclamation-circle', '/icon/filled/exclamation-circle.svg')
     , ('2023-04-21 17:18:21.785762', '2023-04-21 17:18:21.785762', NULL, 72, 'experiment', '/icon/filled/experiment.svg')
     , ('2023-04-21 17:18:21.785762', '2023-04-21 17:18:21.785762', NULL, 73, 'eye-invisible', '/icon/filled/eye-invisible.svg')
     , ('2023-04-21 17:18:21.785762', '2023-04-21 17:18:21.785762', NULL, 74, 'eye', '/icon/filled/eye.svg')
     , ('2023-04-21 17:18:21.785762', '2023-04-21 17:18:21.785762', NULL, 75, 'facebook', '/icon/filled/facebook.svg')
     , ('2023-04-21 17:18:21.785762', '2023-04-21 17:18:21.785762', NULL, 76, 'fast-backward', '/icon/filled/fast-backward.svg')
     , ('2023-04-21 17:18:21.785762', '2023-04-21 17:18:21.785762', NULL, 77, 'fast-forward', '/icon/filled/fast-forward.svg')
     , ('2023-04-21 17:18:21.785762', '2023-04-21 17:18:21.785762', NULL, 78, 'file-add', '/icon/filled/file-add.svg')
     , ('2023-04-21 17:18:21.785762', '2023-04-21 17:18:21.785762', NULL, 79, 'file-excel', '/icon/filled/file-excel.svg')
     , ('2023-04-21 17:18:21.785762', '2023-04-21 17:18:21.785762', NULL, 80, 'file-exclamation', '/icon/filled/file-exclamation.svg')
     , ('2023-04-21 17:18:21.785762', '2023-04-21 17:18:21.785762', NULL, 81, 'file-image', '/icon/filled/file-image.svg')
     , ('2023-04-21 17:18:21.785762', '2023-04-21 17:18:21.785762', NULL, 82, 'file-markdown', '/icon/filled/file-markdown.svg')
     , ('2023-04-21 17:18:21.785762', '2023-04-21 17:18:21.785762', NULL, 83, 'file-pdf', '/icon/filled/file-pdf.svg')
     , ('2023-04-21 17:18:21.785762', '2023-04-21 17:18:21.785762', NULL, 84, 'file-ppt', '/icon/filled/file-ppt.svg')
     , ('2023-04-21 17:18:21.785762', '2023-04-21 17:18:21.785762', NULL, 85, 'file-text', '/icon/filled/file-text.svg')
     , ('2023-04-21 17:18:21.785762', '2023-04-21 17:18:21.785762', NULL, 86, 'file-unknown', '/icon/filled/file-unknown.svg')
     , ('2023-04-21 17:18:21.785762', '2023-04-21 17:18:21.785762', NULL, 87, 'file-word', '/icon/filled/file-word.svg')
     , ('2023-04-21 17:18:21.785762', '2023-04-21 17:18:21.785762', NULL, 88, 'file-zip', '/icon/filled/file-zip.svg')
     , ('2023-04-21 17:18:21.785762', '2023-04-21 17:18:21.785762', NULL, 89, 'file', '/icon/filled/file.svg')
     , ('2023-04-21 17:18:21.785762', '2023-04-21 17:18:21.785762', NULL, 90, 'filter', '/icon/filled/filter.svg')
     , ('2023-04-21 17:18:21.785762', '2023-04-21 17:18:21.785762', NULL, 91, 'fire', '/icon/filled/fire.svg')
     , ('2023-04-21 17:18:21.785762', '2023-04-21 17:18:21.785762', NULL, 92, 'flag', '/icon/filled/flag.svg')
     , ('2023-04-21 17:18:21.785762', '2023-04-21 17:18:21.785762', NULL, 93, 'folder-add', '/icon/filled/folder-add.svg')
     , ('2023-04-21 17:18:21.785762', '2023-04-21 17:18:21.785762', NULL, 94, 'folder-open', '/icon/filled/folder-open.svg')
     , ('2023-04-21 17:18:21.785762', '2023-04-21 17:18:21.785762', NULL, 95, 'folder', '/icon/filled/folder.svg')
     , ('2023-04-21 17:18:21.785762', '2023-04-21 17:18:21.785762', NULL, 96, 'format-painter', '/icon/filled/format-painter.svg')
     , ('2023-04-21 17:18:21.785762', '2023-04-21 17:18:21.785762', NULL, 97, 'forward', '/icon/filled/forward.svg')
     , ('2023-04-21 17:18:21.785762', '2023-04-21 17:18:21.785762', NULL, 98, 'frown', '/icon/filled/frown.svg')
     , ('2023-04-21 17:18:21.785762', '2023-04-21 17:18:21.785762', NULL, 99, 'fund', '/icon/filled/fund.svg')
     , ('2023-04-21 17:18:21.785762', '2023-04-21 17:18:21.785762', NULL, 100, 'funnel-plot', '/icon/filled/funnel-plot.svg')
     , ('2023-04-21 17:18:21.785762', '2023-04-21 17:18:21.785762', NULL, 101, 'gift', '/icon/filled/gift.svg')
     , ('2023-04-21 17:18:21.785762', '2023-04-21 17:18:21.785762', NULL, 102, 'github', '/icon/filled/github.svg')
     , ('2023-04-21 17:18:21.785762', '2023-04-21 17:18:21.785762', NULL, 103, 'gitlab', '/icon/filled/gitlab.svg')
     , ('2023-04-21 17:18:21.785762', '2023-04-21 17:18:21.785762', NULL, 104, 'gold', '/icon/filled/gold.svg')
     , ('2023-04-21 17:18:21.785762', '2023-04-21 17:18:21.785762', NULL, 105, 'golden', '/icon/filled/golden.svg')
     , ('2023-04-21 17:18:21.785762', '2023-04-21 17:18:21.785762', NULL, 106, 'google-circle', '/icon/filled/google-circle.svg')
     , ('2023-04-21 17:18:21.785762', '2023-04-21 17:18:21.785762', NULL, 107, 'google-plus-circle', '/icon/filled/google-plus-circle.svg')
     , ('2023-04-21 17:18:21.785762', '2023-04-21 17:18:21.785762', NULL, 108, 'google-plus-square', '/icon/filled/google-plus-square.svg')
     , ('2023-04-21 17:18:21.785762', '2023-04-21 17:18:21.785762', NULL, 109, 'google-square', '/icon/filled/google-square.svg')
     , ('2023-04-21 17:18:21.785762', '2023-04-21 17:18:21.785762', NULL, 110, 'hdd', '/icon/filled/hdd.svg')
     , ('2023-04-21 17:18:21.785762', '2023-04-21 17:18:21.785762', NULL, 111, 'heart', '/icon/filled/heart.svg')
     , ('2023-04-21 17:18:21.785762', '2023-04-21 17:18:21.785762', NULL, 112, 'highlight', '/icon/filled/highlight.svg')
     , ('2023-04-21 17:18:21.785762', '2023-04-21 17:18:21.785762', NULL, 113, 'home', '/icon/filled/home.svg')
     , ('2023-04-21 17:18:21.785762', '2023-04-21 17:18:21.785762', NULL, 114, 'hourglass', '/icon/filled/hourglass.svg')
     , ('2023-04-21 17:18:21.785762', '2023-04-21 17:18:21.785762', NULL, 115, 'html5', '/icon/filled/html5.svg')
     , ('2023-04-21 17:18:21.785762', '2023-04-21 17:18:21.785762', NULL, 116, 'idcard', '/icon/filled/idcard.svg')
     , ('2023-04-21 17:18:21.785762', '2023-04-21 17:18:21.785762', NULL, 117, 'ie-circle', '/icon/filled/ie-circle.svg')
     , ('2023-04-21 17:18:21.785762', '2023-04-21 17:18:21.785762', NULL, 118, 'ie-square', '/icon/filled/ie-square.svg')
     , ('2023-04-21 17:18:21.785762', '2023-04-21 17:18:21.785762', NULL, 119, 'info-circle', '/icon/filled/info-circle.svg')
     , ('2023-04-21 17:18:21.785762', '2023-04-21 17:18:21.785762', NULL, 120, 'instagram', '/icon/filled/instagram.svg')
     , ('2023-04-21 17:18:21.785762', '2023-04-21 17:18:21.785762', NULL, 121, 'insurance', '/icon/filled/insurance.svg')
     , ('2023-04-21 17:18:21.785762', '2023-04-21 17:18:21.785762', NULL, 122, 'interaction', '/icon/filled/interaction.svg')
     , ('2023-04-21 17:18:21.785762', '2023-04-21 17:18:21.785762', NULL, 123, 'layout', '/icon/filled/layout.svg')
     , ('2023-04-21 17:18:21.785762', '2023-04-21 17:18:21.785762', NULL, 124, 'left-circle', '/icon/filled/left-circle.svg')
     , ('2023-04-21 17:18:21.785762', '2023-04-21 17:18:21.785762', NULL, 125, 'left-square', '/icon/filled/left-square.svg')
     , ('2023-04-21 17:18:21.785762', '2023-04-21 17:18:21.785762', NULL, 126, 'like', '/icon/filled/like.svg')
     , ('2023-04-21 17:18:21.785762', '2023-04-21 17:18:21.785762', NULL, 127, 'linkedin', '/icon/filled/linkedin.svg')
     , ('2023-04-21 17:18:21.785762', '2023-04-21 17:18:21.785762', NULL, 128, 'lock', '/icon/filled/lock.svg')
     , ('2023-04-21 17:18:21.785762', '2023-04-21 17:18:21.785762', NULL, 129, 'mac-command', '/icon/filled/mac-command.svg')
     , ('2023-04-21 17:18:21.785762', '2023-04-21 17:18:21.785762', NULL, 130, 'mail', '/icon/filled/mail.svg')
     , ('2023-04-21 17:18:21.785762', '2023-04-21 17:18:21.785762', NULL, 131, 'medicine-box', '/icon/filled/medicine-box.svg')
     , ('2023-04-21 17:18:21.785762', '2023-04-21 17:18:21.785762', NULL, 132, 'medium-circle', '/icon/filled/medium-circle.svg')
     , ('2023-04-21 17:18:21.785762', '2023-04-21 17:18:21.785762', NULL, 133, 'medium-square', '/icon/filled/medium-square.svg')
     , ('2023-04-21 17:18:21.785762', '2023-04-21 17:18:21.785762', NULL, 134, 'meh', '/icon/filled/meh.svg')
     , ('2023-04-21 17:18:21.785762', '2023-04-21 17:18:21.785762', NULL, 135, 'message', '/icon/filled/message.svg')
     , ('2023-04-21 17:18:21.785762', '2023-04-21 17:18:21.785762', NULL, 136, 'minus-circle', '/icon/filled/minus-circle.svg')
     , ('2023-04-21 17:18:21.785762', '2023-04-21 17:18:21.785762', NULL, 137, 'minus-square', '/icon/filled/minus-square.svg')
     , ('2023-04-21 17:18:21.785762', '2023-04-21 17:18:21.785762', NULL, 138, 'mobile', '/icon/filled/mobile.svg')
     , ('2023-04-21 17:18:21.785762', '2023-04-21 17:18:21.785762', NULL, 139, 'money-collect', '/icon/filled/money-collect.svg')
     , ('2023-04-21 17:18:21.785762', '2023-04-21 17:18:21.785762', NULL, 140, 'notification', '/icon/filled/notification.svg')
     , ('2023-04-21 17:18:21.785762', '2023-04-21 17:18:21.785762', NULL, 141, 'pause-circle', '/icon/filled/pause-circle.svg')
     , ('2023-04-21 17:18:21.785762', '2023-04-21 17:18:21.785762', NULL, 142, 'pay-circle', '/icon/filled/pay-circle.svg')
     , ('2023-04-21 17:18:21.785762', '2023-04-21 17:18:21.785762', NULL, 143, 'phone', '/icon/filled/phone.svg')
     , ('2023-04-21 17:18:21.785762', '2023-04-21 17:18:21.785762', NULL, 144, 'picture', '/icon/filled/picture.svg')
     , ('2023-04-21 17:18:21.785762', '2023-04-21 17:18:21.785762', NULL, 145, 'pie-chart', '/icon/filled/pie-chart.svg')
     , ('2023-04-21 17:18:21.785762', '2023-04-21 17:18:21.785762', NULL, 146, 'play-circle', '/icon/filled/play-circle.svg')
     , ('2023-04-21 17:18:21.785762', '2023-04-21 17:18:21.785762', NULL, 147, 'play-square', '/icon/filled/play-square.svg')
     , ('2023-04-21 17:18:21.785762', '2023-04-21 17:18:21.785762', NULL, 148, 'plus-circle', '/icon/filled/plus-circle.svg')
     , ('2023-04-21 17:18:21.785762', '2023-04-21 17:18:21.785762', NULL, 149, 'plus-square', '/icon/filled/plus-square.svg')
     , ('2023-04-21 17:18:21.785762', '2023-04-21 17:18:21.785762', NULL, 150, 'pound-circle', '/icon/filled/pound-circle.svg')
     , ('2023-04-21 17:18:21.785762', '2023-04-21 17:18:21.785762', NULL, 151, 'printer', '/icon/filled/printer.svg')
     , ('2023-04-21 17:18:21.785762', '2023-04-21 17:18:21.785762', NULL, 152, 'profile', '/icon/filled/profile.svg')
     , ('2023-04-21 17:18:21.785762', '2023-04-21 17:18:21.785762', NULL, 153, 'project', '/icon/filled/project.svg')
     , ('2023-04-21 17:18:21.785762', '2023-04-21 17:18:21.785762', NULL, 154, 'property-safety', '/icon/filled/property-safety.svg')
     , ('2023-04-21 17:18:21.785762', '2023-04-21 17:18:21.785762', NULL, 155, 'pushpin', '/icon/filled/pushpin.svg')
     , ('2023-04-21 17:18:21.785762', '2023-04-21 17:18:21.785762', NULL, 156, 'qq-circle', '/icon/filled/qq-circle.svg')
     , ('2023-04-21 17:18:21.785762', '2023-04-21 17:18:21.785762', NULL, 157, 'qq-square', '/icon/filled/qq-square.svg')
     , ('2023-04-21 17:18:21.785762', '2023-04-21 17:18:21.785762', NULL, 158, 'question-circle', '/icon/filled/question-circle.svg')
     , ('2023-04-21 17:18:21.785762', '2023-04-21 17:18:21.785762', NULL, 159, 'read', '/icon/filled/read.svg')
     , ('2023-04-21 17:18:21.785762', '2023-04-21 17:18:21.785762', NULL, 160, 'reconciliation', '/icon/filled/reconciliation.svg')
     , ('2023-04-21 17:18:21.785762', '2023-04-21 17:18:21.785762', NULL, 161, 'red-envelope', '/icon/filled/red-envelope.svg')
     , ('2023-04-21 17:18:21.785762', '2023-04-21 17:18:21.785762', NULL, 162, 'reddit-circle', '/icon/filled/reddit-circle.svg')
     , ('2023-04-21 17:18:21.785762', '2023-04-21 17:18:21.785762', NULL, 163, 'reddit-square', '/icon/filled/reddit-square.svg')
     , ('2023-04-21 17:18:21.785762', '2023-04-21 17:18:21.785762', NULL, 164, 'rest', '/icon/filled/rest.svg')
     , ('2023-04-21 17:18:21.785762', '2023-04-21 17:18:21.785762', NULL, 165, 'right-circle', '/icon/filled/right-circle.svg')
     , ('2023-04-21 17:18:21.785762', '2023-04-21 17:18:21.785762', NULL, 166, 'right-square', '/icon/filled/right-square.svg')
     , ('2023-04-21 17:18:21.785762', '2023-04-21 17:18:21.785762', NULL, 167, 'robot', '/icon/filled/robot.svg')
     , ('2023-04-21 17:18:21.785762', '2023-04-21 17:18:21.785762', NULL, 168, 'rocket', '/icon/filled/rocket.svg')
     , ('2023-04-21 17:18:21.785762', '2023-04-21 17:18:21.785762', NULL, 169, 'safety-certificate', '/icon/filled/safety-certificate.svg')
     , ('2023-04-21 17:18:21.785762', '2023-04-21 17:18:21.785762', NULL, 170, 'save', '/icon/filled/save.svg')
     , ('2023-04-21 17:18:21.785762', '2023-04-21 17:18:21.785762', NULL, 171, 'schedule', '/icon/filled/schedule.svg')
     , ('2023-04-21 17:18:21.785762', '2023-04-21 17:18:21.785762', NULL, 172, 'security-scan', '/icon/filled/security-scan.svg')
     , ('2023-04-21 17:18:21.785762', '2023-04-21 17:18:21.785762', NULL, 173, 'setting', '/icon/filled/setting.svg')
     , ('2023-04-21 17:18:21.785762', '2023-04-21 17:18:21.785762', NULL, 174, 'shop', '/icon/filled/shop.svg')
     , ('2023-04-21 17:18:21.785762', '2023-04-21 17:18:21.785762', NULL, 175, 'shopping', '/icon/filled/shopping.svg')
     , ('2023-04-21 17:18:21.785762', '2023-04-21 17:18:21.785762', NULL, 176, 'signal', '/icon/filled/signal.svg')
     , ('2023-04-21 17:18:21.785762', '2023-04-21 17:18:21.785762', NULL, 177, 'sketch-circle', '/icon/filled/sketch-circle.svg')
     , ('2023-04-21 17:18:21.785762', '2023-04-21 17:18:21.785762', NULL, 178, 'sketch-square', '/icon/filled/sketch-square.svg')
     , ('2023-04-21 17:18:21.785762', '2023-04-21 17:18:21.785762', NULL, 179, 'skin', '/icon/filled/skin.svg')
     , ('2023-04-21 17:18:21.785762', '2023-04-21 17:18:21.785762', NULL, 180, 'skype', '/icon/filled/skype.svg')
     , ('2023-04-21 17:18:21.785762', '2023-04-21 17:18:21.785762', NULL, 181, 'slack-circle', '/icon/filled/slack-circle.svg')
     , ('2023-04-21 17:18:21.785762', '2023-04-21 17:18:21.785762', NULL, 182, 'slack-square', '/icon/filled/slack-square.svg')
     , ('2023-04-21 17:18:21.785762', '2023-04-21 17:18:21.785762', NULL, 183, 'sliders', '/icon/filled/sliders.svg')
     , ('2023-04-21 17:18:21.785762', '2023-04-21 17:18:21.785762', NULL, 184, 'smile', '/icon/filled/smile.svg')
     , ('2023-04-21 17:18:21.785762', '2023-04-21 17:18:21.785762', NULL, 185, 'snippets', '/icon/filled/snippets.svg')
     , ('2023-04-21 17:18:21.785762', '2023-04-21 17:18:21.785762', NULL, 186, 'sound', '/icon/filled/sound.svg')
     , ('2023-04-21 17:18:21.785762', '2023-04-21 17:18:21.785762', NULL, 187, 'star', '/icon/filled/star.svg')
     , ('2023-04-21 17:18:21.785762', '2023-04-21 17:18:21.785762', NULL, 188, 'step-backward', '/icon/filled/step-backward.svg')
     , ('2023-04-21 17:18:21.785762', '2023-04-21 17:18:21.785762', NULL, 189, 'step-forward', '/icon/filled/step-forward.svg')
     , ('2023-04-21 17:18:21.785762', '2023-04-21 17:18:21.785762', NULL, 190, 'stop', '/icon/filled/stop.svg')
     , ('2023-04-21 17:18:21.785762', '2023-04-21 17:18:21.785762', NULL, 191, 'switcher', '/icon/filled/switcher.svg')
     , ('2023-04-21 17:18:21.785762', '2023-04-21 17:18:21.785762', NULL, 192, 'tablet', '/icon/filled/tablet.svg')
     , ('2023-04-21 17:18:21.785762', '2023-04-21 17:18:21.785762', NULL, 193, 'tag', '/icon/filled/tag.svg')
     , ('2023-04-21 17:18:21.785762', '2023-04-21 17:18:21.785762', NULL, 194, 'tags', '/icon/filled/tags.svg')
     , ('2023-04-21 17:18:21.785762', '2023-04-21 17:18:21.785762', NULL, 195, 'taobao-circle', '/icon/filled/taobao-circle.svg')
     , ('2023-04-21 17:18:21.785762', '2023-04-21 17:18:21.785762', NULL, 196, 'taobao-square', '/icon/filled/taobao-square.svg')
     , ('2023-04-21 17:18:21.785762', '2023-04-21 17:18:21.785762', NULL, 197, 'thunderbolt', '/icon/filled/thunderbolt.svg')
     , ('2023-04-21 17:18:21.785762', '2023-04-21 17:18:21.785762', NULL, 198, 'tool', '/icon/filled/tool.svg')
     , ('2023-04-21 17:18:21.785762', '2023-04-21 17:18:21.785762', NULL, 199, 'trademark-circle', '/icon/filled/trademark-circle.svg')
     , ('2023-04-21 17:18:21.785762', '2023-04-21 17:18:21.785762', NULL, 200, 'trophy', '/icon/filled/trophy.svg')
     , ('2023-04-21 17:18:21.785762', '2023-04-21 17:18:21.785762', NULL, 201, 'twitter-circle', '/icon/filled/twitter-circle.svg')
     , ('2023-04-21 17:18:21.785762', '2023-04-21 17:18:21.785762', NULL, 202, 'twitter-square', '/icon/filled/twitter-square.svg')
     , ('2023-04-21 17:18:21.785762', '2023-04-21 17:18:21.785762', NULL, 203, 'unlock', '/icon/filled/unlock.svg')
     , ('2023-04-21 17:18:21.785762', '2023-04-21 17:18:21.785762', NULL, 204, 'up-circle', '/icon/filled/up-circle.svg')
     , ('2023-04-21 17:18:21.785762', '2023-04-21 17:18:21.785762', NULL, 205, 'up-square', '/icon/filled/up-square.svg')
     , ('2023-04-21 17:18:21.785762', '2023-04-21 17:18:21.785762', NULL, 206, 'usb', '/icon/filled/usb.svg')
     , ('2023-04-21 17:18:21.785762', '2023-04-21 17:18:21.785762', NULL, 207, 'video-camera', '/icon/filled/video-camera.svg')
     , ('2023-04-21 17:18:21.785762', '2023-04-21 17:18:21.785762', NULL, 208, 'wallet', '/icon/filled/wallet.svg')
     , ('2023-04-21 17:18:21.785762', '2023-04-21 17:18:21.785762', NULL, 209, 'warning', '/icon/filled/warning.svg')
     , ('2023-04-21 17:18:21.785762', '2023-04-21 17:18:21.785762', NULL, 210, 'wechat', '/icon/filled/wechat.svg')
     , ('2023-04-21 17:18:21.785762', '2023-04-21 17:18:21.785762', NULL, 211, 'weibo-circle', '/icon/filled/weibo-circle.svg')
     , ('2023-04-21 17:18:21.785762', '2023-04-21 17:18:21.785762', NULL, 212, 'weibo-square', '/icon/filled/weibo-square.svg')
     , ('2023-04-21 17:18:21.785762', '2023-04-21 17:18:21.785762', NULL, 213, 'windows', '/icon/filled/windows.svg')
     , ('2023-04-21 17:18:21.785762', '2023-04-21 17:18:21.785762', NULL, 214, 'yahoo', '/icon/filled/yahoo.svg')
     , ('2023-04-21 17:18:21.785762', '2023-04-21 17:18:21.785762', NULL, 215, 'youtube', '/icon/filled/youtube.svg')
     , ('2023-04-21 17:18:21.785762', '2023-04-21 17:18:21.785762', NULL, 216, 'yuque', '/icon/filled/yuque.svg')
     , ('2023-04-21 17:18:21.785762', '2023-04-21 17:18:21.785762', NULL, 217, 'zhihu-circle', '/icon/filled/zhihu-circle.svg')
     , ('2023-04-21 17:18:21.785762', '2023-04-21 17:18:21.785762', NULL, 218, 'zhihu-square', '/icon/filled/zhihu-square.svg')
     , ('2023-04-21 17:18:21.785762', '2023-04-21 17:18:21.785762', NULL, 219, 'account-book', '/icon/outlined/account-book.svg')
     , ('2023-04-21 17:18:21.785762', '2023-04-21 17:18:21.785762', NULL, 220, 'aim', '/icon/outlined/aim.svg')
     , ('2023-04-21 17:18:21.785762', '2023-04-21 17:18:21.785762', NULL, 221, 'alert', '/icon/outlined/alert.svg')
     , ('2023-04-21 17:18:21.785762', '2023-04-21 17:18:21.785762', NULL, 222, 'alibaba', '/icon/outlined/alibaba.svg')
     , ('2023-04-21 17:18:21.785762', '2023-04-21 17:18:21.785762', NULL, 223, 'align-center', '/icon/outlined/align-center.svg')
     , ('2023-04-21 17:18:21.785762', '2023-04-21 17:18:21.785762', NULL, 224, 'align-left', '/icon/outlined/align-left.svg')
     , ('2023-04-21 17:18:21.785762', '2023-04-21 17:18:21.785762', NULL, 225, 'align-right', '/icon/outlined/align-right.svg')
     , ('2023-04-21 17:18:21.785762', '2023-04-21 17:18:21.785762', NULL, 226, 'alipay-circle', '/icon/outlined/alipay-circle.svg')
     , ('2023-04-21 17:18:21.785762', '2023-04-21 17:18:21.785762', NULL, 227, 'alipay', '/icon/outlined/alipay.svg')
     , ('2023-04-21 17:18:21.785762', '2023-04-21 17:18:21.785762', NULL, 228, 'aliwangwang', '/icon/outlined/aliwangwang.svg')
     , ('2023-04-21 17:18:21.785762', '2023-04-21 17:18:21.785762', NULL, 229, 'aliyun', '/icon/outlined/aliyun.svg')
     , ('2023-04-21 17:18:21.785762', '2023-04-21 17:18:21.785762', NULL, 230, 'amazon', '/icon/outlined/amazon.svg')
     , ('2023-04-21 17:18:21.785762', '2023-04-21 17:18:21.785762', NULL, 231, 'android', '/icon/outlined/android.svg')
     , ('2023-04-21 17:18:21.785762', '2023-04-21 17:18:21.785762', NULL, 232, 'ant-cloud', '/icon/outlined/ant-cloud.svg')
     , ('2023-04-21 17:18:21.785762', '2023-04-21 17:18:21.785762', NULL, 233, 'ant-design', '/icon/outlined/ant-design.svg')
     , ('2023-04-21 17:18:21.785762', '2023-04-21 17:18:21.785762', NULL, 234, 'apartment', '/icon/outlined/apartment.svg')
     , ('2023-04-21 17:18:21.785762', '2023-04-21 17:18:21.785762', NULL, 235, 'api', '/icon/outlined/api.svg')
     , ('2023-04-21 17:18:21.785762', '2023-04-21 17:18:21.785762', NULL, 236, 'apple', '/icon/outlined/apple.svg')
     , ('2023-04-21 17:18:21.785762', '2023-04-21 17:18:21.785762', NULL, 237, 'appstore-add', '/icon/outlined/appstore-add.svg')
     , ('2023-04-21 17:18:21.785762', '2023-04-21 17:18:21.785762', NULL, 238, 'appstore', '/icon/outlined/appstore.svg')
     , ('2023-04-21 17:18:21.785762', '2023-04-21 17:18:21.785762', NULL, 239, 'area-chart', '/icon/outlined/area-chart.svg')
     , ('2023-04-21 17:18:21.785762', '2023-04-21 17:18:21.785762', NULL, 240, 'arrow-down', '/icon/outlined/arrow-down.svg')
     , ('2023-04-21 17:18:21.785762', '2023-04-21 17:18:21.785762', NULL, 241, 'arrow-left', '/icon/outlined/arrow-left.svg')
     , ('2023-04-21 17:18:21.785762', '2023-04-21 17:18:21.785762', NULL, 242, 'arrow-right', '/icon/outlined/arrow-right.svg')
     , ('2023-04-21 17:18:21.785762', '2023-04-21 17:18:21.785762', NULL, 243, 'arrow-up', '/icon/outlined/arrow-up.svg')
     , ('2023-04-21 17:18:21.785762', '2023-04-21 17:18:21.785762', NULL, 244, 'arrows-alt', '/icon/outlined/arrows-alt.svg')
     , ('2023-04-21 17:18:21.785762', '2023-04-21 17:18:21.785762', NULL, 245, 'audio-muted', '/icon/outlined/audio-muted.svg')
     , ('2023-04-21 17:18:21.785762', '2023-04-21 17:18:21.785762', NULL, 246, 'audio', '/icon/outlined/audio.svg')
     , ('2023-04-21 17:18:21.785762', '2023-04-21 17:18:21.785762', NULL, 247, 'audit', '/icon/outlined/audit.svg')
     , ('2023-04-21 17:18:21.785762', '2023-04-21 17:18:21.785762', NULL, 248, 'backward', '/icon/outlined/backward.svg')
     , ('2023-04-21 17:18:21.785762', '2023-04-21 17:18:21.785762', NULL, 249, 'bank', '/icon/outlined/bank.svg')
     , ('2023-04-21 17:18:21.785762', '2023-04-21 17:18:21.785762', NULL, 250, 'bar-chart', '/icon/outlined/bar-chart.svg')
     , ('2023-04-21 17:18:21.785762', '2023-04-21 17:18:21.785762', NULL, 251, 'barcode', '/icon/outlined/barcode.svg')
     , ('2023-04-21 17:18:21.785762', '2023-04-21 17:18:21.785762', NULL, 252, 'bars', '/icon/outlined/bars.svg')
     , ('2023-04-21 17:18:21.785762', '2023-04-21 17:18:21.785762', NULL, 253, 'behance-square', '/icon/outlined/behance-square.svg')
     , ('2023-04-21 17:18:21.785762', '2023-04-21 17:18:21.785762', NULL, 254, 'behance', '/icon/outlined/behance.svg')
     , ('2023-04-21 17:18:21.785762', '2023-04-21 17:18:21.785762', NULL, 255, 'bell', '/icon/outlined/bell.svg')
     , ('2023-04-21 17:18:21.785762', '2023-04-21 17:18:21.785762', NULL, 256, 'bg-colors', '/icon/outlined/bg-colors.svg')
     , ('2023-04-21 17:18:21.785762', '2023-04-21 17:18:21.785762', NULL, 257, 'block', '/icon/outlined/block.svg')
     , ('2023-04-21 17:18:21.785762', '2023-04-21 17:18:21.785762', NULL, 258, 'bold', '/icon/outlined/bold.svg')
     , ('2023-04-21 17:18:21.785762', '2023-04-21 17:18:21.785762', NULL, 259, 'book', '/icon/outlined/book.svg')
     , ('2023-04-21 17:18:21.785762', '2023-04-21 17:18:21.785762', NULL, 260, 'border-bottom', '/icon/outlined/border-bottom.svg')
     , ('2023-04-21 17:18:21.785762', '2023-04-21 17:18:21.785762', NULL, 261, 'border-horizontal', '/icon/outlined/border-horizontal.svg')
     , ('2023-04-21 17:18:21.785762', '2023-04-21 17:18:21.785762', NULL, 262, 'border-inner', '/icon/outlined/border-inner.svg')
     , ('2023-04-21 17:18:21.785762', '2023-04-21 17:18:21.785762', NULL, 263, 'border-left', '/icon/outlined/border-left.svg')
     , ('2023-04-21 17:18:21.785762', '2023-04-21 17:18:21.785762', NULL, 264, 'border-outer', '/icon/outlined/border-outer.svg')
     , ('2023-04-21 17:18:21.785762', '2023-04-21 17:18:21.785762', NULL, 265, 'border-right', '/icon/outlined/border-right.svg')
     , ('2023-04-21 17:18:21.785762', '2023-04-21 17:18:21.785762', NULL, 266, 'border-top', '/icon/outlined/border-top.svg')
     , ('2023-04-21 17:18:21.785762', '2023-04-21 17:18:21.785762', NULL, 267, 'border-verticle', '/icon/outlined/border-verticle.svg')
     , ('2023-04-21 17:18:21.785762', '2023-04-21 17:18:21.785762', NULL, 268, 'border', '/icon/outlined/border.svg')
     , ('2023-04-21 17:18:21.785762', '2023-04-21 17:18:21.785762', NULL, 269, 'borderless-table', '/icon/outlined/borderless-table.svg')
     , ('2023-04-21 17:18:21.785762', '2023-04-21 17:18:21.785762', NULL, 270, 'box-plot', '/icon/outlined/box-plot.svg')
     , ('2023-04-21 17:18:21.785762', '2023-04-21 17:18:21.785762', NULL, 271, 'branches', '/icon/outlined/branches.svg')
     , ('2023-04-21 17:18:21.785762', '2023-04-21 17:18:21.785762', NULL, 272, 'bug', '/icon/outlined/bug.svg')
     , ('2023-04-21 17:18:21.785762', '2023-04-21 17:18:21.785762', NULL, 273, 'build', '/icon/outlined/build.svg')
     , ('2023-04-21 17:18:21.785762', '2023-04-21 17:18:21.785762', NULL, 274, 'bulb', '/icon/outlined/bulb.svg')
     , ('2023-04-21 17:18:21.785762', '2023-04-21 17:18:21.785762', NULL, 275, 'calculator', '/icon/outlined/calculator.svg')
     , ('2023-04-21 17:18:21.785762', '2023-04-21 17:18:21.785762', NULL, 276, 'calendar', '/icon/outlined/calendar.svg')
     , ('2023-04-21 17:18:21.785762', '2023-04-21 17:18:21.785762', NULL, 277, 'camera', '/icon/outlined/camera.svg')
     , ('2023-04-21 17:18:21.785762', '2023-04-21 17:18:21.785762', NULL, 278, 'car', '/icon/outlined/car.svg')
     , ('2023-04-21 17:18:21.785762', '2023-04-21 17:18:21.785762', NULL, 279, 'caret-down', '/icon/outlined/caret-down.svg')
     , ('2023-04-21 17:18:21.785762', '2023-04-21 17:18:21.785762', NULL, 280, 'caret-left', '/icon/outlined/caret-left.svg')
     , ('2023-04-21 17:18:21.785762', '2023-04-21 17:18:21.785762', NULL, 281, 'caret-right', '/icon/outlined/caret-right.svg')
     , ('2023-04-21 17:18:21.785762', '2023-04-21 17:18:21.785762', NULL, 282, 'caret-up', '/icon/outlined/caret-up.svg')
     , ('2023-04-21 17:18:21.785762', '2023-04-21 17:18:21.785762', NULL, 283, 'carry-out', '/icon/outlined/carry-out.svg')
     , ('2023-04-21 17:18:21.785762', '2023-04-21 17:18:21.785762', NULL, 284, 'check-circle', '/icon/outlined/check-circle.svg')
     , ('2023-04-21 17:18:21.785762', '2023-04-21 17:18:21.785762', NULL, 285, 'check-square', '/icon/outlined/check-square.svg')
     , ('2023-04-21 17:18:21.785762', '2023-04-21 17:18:21.785762', NULL, 286, 'check', '/icon/outlined/check.svg')
     , ('2023-04-21 17:18:21.785762', '2023-04-21 17:18:21.785762', NULL, 287, 'chrome', '/icon/outlined/chrome.svg')
     , ('2023-04-21 17:18:21.785762', '2023-04-21 17:18:21.785762', NULL, 288, 'ci-circle', '/icon/outlined/ci-circle.svg')
     , ('2023-04-21 17:18:21.785762', '2023-04-21 17:18:21.785762', NULL, 289, 'ci', '/icon/outlined/ci.svg')
     , ('2023-04-21 17:18:21.785762', '2023-04-21 17:18:21.785762', NULL, 290, 'clear', '/icon/outlined/clear.svg')
     , ('2023-04-21 17:18:21.785762', '2023-04-21 17:18:21.785762', NULL, 291, 'clock-circle', '/icon/outlined/clock-circle.svg')
     , ('2023-04-21 17:18:21.785762', '2023-04-21 17:18:21.785762', NULL, 292, 'close-circle', '/icon/outlined/close-circle.svg')
     , ('2023-04-21 17:18:21.785762', '2023-04-21 17:18:21.785762', NULL, 293, 'close-square', '/icon/outlined/close-square.svg')
     , ('2023-04-21 17:18:21.785762', '2023-04-21 17:18:21.785762', NULL, 294, 'close', '/icon/outlined/close.svg')
     , ('2023-04-21 17:18:21.785762', '2023-04-21 17:18:21.785762', NULL, 295, 'cloud-download', '/icon/outlined/cloud-download.svg')
     , ('2023-04-21 17:18:21.785762', '2023-04-21 17:18:21.785762', NULL, 296, 'cloud-server', '/icon/outlined/cloud-server.svg')
     , ('2023-04-21 17:18:21.785762', '2023-04-21 17:18:21.785762', NULL, 297, 'cloud-sync', '/icon/outlined/cloud-sync.svg')
     , ('2023-04-21 17:18:21.785762', '2023-04-21 17:18:21.785762', NULL, 298, 'cloud-upload', '/icon/outlined/cloud-upload.svg')
     , ('2023-04-21 17:18:21.785762', '2023-04-21 17:18:21.785762', NULL, 299, 'cloud', '/icon/outlined/cloud.svg')
     , ('2023-04-21 17:18:21.785762', '2023-04-21 17:18:21.785762', NULL, 300, 'cluster', '/icon/outlined/cluster.svg')
     , ('2023-04-21 17:18:21.785762', '2023-04-21 17:18:21.785762', NULL, 301, 'code-sandbox', '/icon/outlined/code-sandbox.svg')
     , ('2023-04-21 17:18:21.785762', '2023-04-21 17:18:21.785762', NULL, 302, 'code', '/icon/outlined/code.svg')
     , ('2023-04-21 17:18:21.785762', '2023-04-21 17:18:21.785762', NULL, 303, 'codepen-circle', '/icon/outlined/codepen-circle.svg')
     , ('2023-04-21 17:18:21.785762', '2023-04-21 17:18:21.785762', NULL, 304, 'codepen', '/icon/outlined/codepen.svg')
     , ('2023-04-21 17:18:21.785762', '2023-04-21 17:18:21.785762', NULL, 305, 'coffee', '/icon/outlined/coffee.svg')
     , ('2023-04-21 17:18:21.785762', '2023-04-21 17:18:21.785762', NULL, 306, 'column-height', '/icon/outlined/column-height.svg')
     , ('2023-04-21 17:18:21.785762', '2023-04-21 17:18:21.785762', NULL, 307, 'column-width', '/icon/outlined/column-width.svg')
     , ('2023-04-21 17:18:21.785762', '2023-04-21 17:18:21.785762', NULL, 308, 'comment', '/icon/outlined/comment.svg')
     , ('2023-04-21 17:18:21.785762', '2023-04-21 17:18:21.785762', NULL, 309, 'compass', '/icon/outlined/compass.svg')
     , ('2023-04-21 17:18:21.785762', '2023-04-21 17:18:21.785762', NULL, 310, 'compress', '/icon/outlined/compress.svg')
     , ('2023-04-21 17:18:21.785762', '2023-04-21 17:18:21.785762', NULL, 311, 'console-sql', '/icon/outlined/console-sql.svg')
     , ('2023-04-21 17:18:21.785762', '2023-04-21 17:18:21.785762', NULL, 312, 'contacts', '/icon/outlined/contacts.svg')
     , ('2023-04-21 17:18:21.785762', '2023-04-21 17:18:21.785762', NULL, 313, 'container', '/icon/outlined/container.svg')
     , ('2023-04-21 17:18:21.785762', '2023-04-21 17:18:21.785762', NULL, 314, 'control', '/icon/outlined/control.svg')
     , ('2023-04-21 17:18:21.785762', '2023-04-21 17:18:21.785762', NULL, 315, 'copy', '/icon/outlined/copy.svg')
     , ('2023-04-21 17:18:21.785762', '2023-04-21 17:18:21.785762', NULL, 316, 'copyright-circle', '/icon/outlined/copyright-circle.svg')
     , ('2023-04-21 17:18:21.785762', '2023-04-21 17:18:21.785762', NULL, 317, 'copyright', '/icon/outlined/copyright.svg')
     , ('2023-04-21 17:18:21.785762', '2023-04-21 17:18:21.785762', NULL, 318, 'credit-card', '/icon/outlined/credit-card.svg')
     , ('2023-04-21 17:18:21.785762', '2023-04-21 17:18:21.785762', NULL, 319, 'crown', '/icon/outlined/crown.svg')
     , ('2023-04-21 17:18:21.785762', '2023-04-21 17:18:21.785762', NULL, 320, 'customer-service', '/icon/outlined/customer-service.svg')
     , ('2023-04-21 17:18:21.785762', '2023-04-21 17:18:21.785762', NULL, 321, 'dash', '/icon/outlined/dash.svg')
     , ('2023-04-21 17:18:21.785762', '2023-04-21 17:18:21.785762', NULL, 322, 'dashboard', '/icon/outlined/dashboard.svg')
     , ('2023-04-21 17:18:21.785762', '2023-04-21 17:18:21.785762', NULL, 323, 'database', '/icon/outlined/database.svg')
     , ('2023-04-21 17:18:21.785762', '2023-04-21 17:18:21.785762', NULL, 324, 'delete-column', '/icon/outlined/delete-column.svg')
     , ('2023-04-21 17:18:21.785762', '2023-04-21 17:18:21.785762', NULL, 325, 'delete-row', '/icon/outlined/delete-row.svg')
     , ('2023-04-21 17:18:21.785762', '2023-04-21 17:18:21.785762', NULL, 326, 'delete', '/icon/outlined/delete.svg')
     , ('2023-04-21 17:18:21.785762', '2023-04-21 17:18:21.785762', NULL, 327, 'delivered-procedure', '/icon/outlined/delivered-procedure.svg')
     , ('2023-04-21 17:18:21.785762', '2023-04-21 17:18:21.785762', NULL, 328, 'deployment-unit', '/icon/outlined/deployment-unit.svg')
     , ('2023-04-21 17:18:21.785762', '2023-04-21 17:18:21.785762', NULL, 329, 'desktop', '/icon/outlined/desktop.svg')
     , ('2023-04-21 17:18:21.785762', '2023-04-21 17:18:21.785762', NULL, 330, 'diff', '/icon/outlined/diff.svg')
     , ('2023-04-21 17:18:21.785762', '2023-04-21 17:18:21.785762', NULL, 331, 'dingding', '/icon/outlined/dingding.svg')
     , ('2023-04-21 17:18:21.785762', '2023-04-21 17:18:21.785762', NULL, 332, 'dingtalk', '/icon/outlined/dingtalk.svg')
     , ('2023-04-21 17:18:21.785762', '2023-04-21 17:18:21.785762', NULL, 333, 'disconnect', '/icon/outlined/disconnect.svg')
     , ('2023-04-21 17:18:21.785762', '2023-04-21 17:18:21.785762', NULL, 334, 'dislike', '/icon/outlined/dislike.svg')
     , ('2023-04-21 17:18:21.785762', '2023-04-21 17:18:21.785762', NULL, 335, 'dollar-circle', '/icon/outlined/dollar-circle.svg')
     , ('2023-04-21 17:18:21.785762', '2023-04-21 17:18:21.785762', NULL, 336, 'dollar', '/icon/outlined/dollar.svg')
     , ('2023-04-21 17:18:21.785762', '2023-04-21 17:18:21.785762', NULL, 337, 'dot-chart', '/icon/outlined/dot-chart.svg')
     , ('2023-04-21 17:18:21.785762', '2023-04-21 17:18:21.785762', NULL, 338, 'double-left', '/icon/outlined/double-left.svg')
     , ('2023-04-21 17:18:21.785762', '2023-04-21 17:18:21.785762', NULL, 339, 'double-right', '/icon/outlined/double-right.svg')
     , ('2023-04-21 17:18:21.785762', '2023-04-21 17:18:21.785762', NULL, 340, 'down-circle', '/icon/outlined/down-circle.svg')
     , ('2023-04-21 17:18:21.785762', '2023-04-21 17:18:21.785762', NULL, 341, 'down-square', '/icon/outlined/down-square.svg')
     , ('2023-04-21 17:18:21.785762', '2023-04-21 17:18:21.785762', NULL, 342, 'down', '/icon/outlined/down.svg')
     , ('2023-04-21 17:18:21.785762', '2023-04-21 17:18:21.785762', NULL, 343, 'download', '/icon/outlined/download.svg')
     , ('2023-04-21 17:18:21.785762', '2023-04-21 17:18:21.785762', NULL, 344, 'drag', '/icon/outlined/drag.svg')
     , ('2023-04-21 17:18:21.785762', '2023-04-21 17:18:21.785762', NULL, 345, 'dribbble-square', '/icon/outlined/dribbble-square.svg')
     , ('2023-04-21 17:18:21.785762', '2023-04-21 17:18:21.785762', NULL, 346, 'dribbble', '/icon/outlined/dribbble.svg')
     , ('2023-04-21 17:18:21.785762', '2023-04-21 17:18:21.785762', NULL, 347, 'dropbox', '/icon/outlined/dropbox.svg')
     , ('2023-04-21 17:18:21.785762', '2023-04-21 17:18:21.785762', NULL, 348, 'edit', '/icon/outlined/edit.svg')
     , ('2023-04-21 17:18:21.785762', '2023-04-21 17:18:21.785762', NULL, 349, 'ellipsis', '/icon/outlined/ellipsis.svg')
     , ('2023-04-21 17:18:21.785762', '2023-04-21 17:18:21.785762', NULL, 350, 'enter', '/icon/outlined/enter.svg')
     , ('2023-04-21 17:18:21.785762', '2023-04-21 17:18:21.785762', NULL, 351, 'environment', '/icon/outlined/environment.svg')
     , ('2023-04-21 17:18:21.785762', '2023-04-21 17:18:21.785762', NULL, 352, 'euro-circle', '/icon/outlined/euro-circle.svg')
     , ('2023-04-21 17:18:21.785762', '2023-04-21 17:18:21.785762', NULL, 353, 'euro', '/icon/outlined/euro.svg')
     , ('2023-04-21 17:18:21.785762', '2023-04-21 17:18:21.785762', NULL, 354, 'exception', '/icon/outlined/exception.svg')
     , ('2023-04-21 17:18:21.785762', '2023-04-21 17:18:21.785762', NULL, 355, 'exclamation-circle', '/icon/outlined/exclamation-circle.svg')
     , ('2023-04-21 17:18:21.785762', '2023-04-21 17:18:21.785762', NULL, 356, 'exclamation', '/icon/outlined/exclamation.svg')
     , ('2023-04-21 17:18:21.785762', '2023-04-21 17:18:21.785762', NULL, 357, 'expand-alt', '/icon/outlined/expand-alt.svg')
     , ('2023-04-21 17:18:21.785762', '2023-04-21 17:18:21.785762', NULL, 358, 'expand', '/icon/outlined/expand.svg')
     , ('2023-04-21 17:18:21.785762', '2023-04-21 17:18:21.785762', NULL, 359, 'experiment', '/icon/outlined/experiment.svg')
     , ('2023-04-21 17:18:21.785762', '2023-04-21 17:18:21.785762', NULL, 360, 'export', '/icon/outlined/export.svg')
     , ('2023-04-21 17:18:21.785762', '2023-04-21 17:18:21.785762', NULL, 361, 'eye-invisible', '/icon/outlined/eye-invisible.svg')
     , ('2023-04-21 17:18:21.785762', '2023-04-21 17:18:21.785762', NULL, 362, 'eye', '/icon/outlined/eye.svg')
     , ('2023-04-21 17:18:21.785762', '2023-04-21 17:18:21.785762', NULL, 363, 'facebook', '/icon/outlined/facebook.svg')
     , ('2023-04-21 17:18:21.785762', '2023-04-21 17:18:21.785762', NULL, 364, 'fall', '/icon/outlined/fall.svg')
     , ('2023-04-21 17:18:21.785762', '2023-04-21 17:18:21.785762', NULL, 365, 'fast-backward', '/icon/outlined/fast-backward.svg')
     , ('2023-04-21 17:18:21.785762', '2023-04-21 17:18:21.785762', NULL, 366, 'fast-forward', '/icon/outlined/fast-forward.svg')
     , ('2023-04-21 17:18:21.785762', '2023-04-21 17:18:21.785762', NULL, 367, 'field-binary', '/icon/outlined/field-binary.svg')
     , ('2023-04-21 17:18:21.785762', '2023-04-21 17:18:21.785762', NULL, 368, 'field-number', '/icon/outlined/field-number.svg')
     , ('2023-04-21 17:18:21.785762', '2023-04-21 17:18:21.785762', NULL, 369, 'field-string', '/icon/outlined/field-string.svg')
     , ('2023-04-21 17:18:21.785762', '2023-04-21 17:18:21.785762', NULL, 370, 'field-time', '/icon/outlined/field-time.svg')
     , ('2023-04-21 17:18:21.785762', '2023-04-21 17:18:21.785762', NULL, 371, 'file-add', '/icon/outlined/file-add.svg')
     , ('2023-04-21 17:18:21.785762', '2023-04-21 17:18:21.785762', NULL, 372, 'file-done', '/icon/outlined/file-done.svg')
     , ('2023-04-21 17:18:21.785762', '2023-04-21 17:18:21.785762', NULL, 373, 'file-excel', '/icon/outlined/file-excel.svg')
     , ('2023-04-21 17:18:21.785762', '2023-04-21 17:18:21.785762', NULL, 374, 'file-exclamation', '/icon/outlined/file-exclamation.svg')
     , ('2023-04-21 17:18:21.785762', '2023-04-21 17:18:21.785762', NULL, 375, 'file-gif', '/icon/outlined/file-gif.svg')
     , ('2023-04-21 17:18:21.785762', '2023-04-21 17:18:21.785762', NULL, 376, 'file-image', '/icon/outlined/file-image.svg')
     , ('2023-04-21 17:18:21.785762', '2023-04-21 17:18:21.785762', NULL, 377, 'file-jpg', '/icon/outlined/file-jpg.svg')
     , ('2023-04-21 17:18:21.785762', '2023-04-21 17:18:21.785762', NULL, 378, 'file-markdown', '/icon/outlined/file-markdown.svg')
     , ('2023-04-21 17:18:21.785762', '2023-04-21 17:18:21.785762', NULL, 379, 'file-pdf', '/icon/outlined/file-pdf.svg')
     , ('2023-04-21 17:18:21.785762', '2023-04-21 17:18:21.785762', NULL, 380, 'file-ppt', '/icon/outlined/file-ppt.svg')
     , ('2023-04-21 17:18:21.785762', '2023-04-21 17:18:21.785762', NULL, 381, 'file-protect', '/icon/outlined/file-protect.svg')
     , ('2023-04-21 17:18:21.785762', '2023-04-21 17:18:21.785762', NULL, 382, 'file-search', '/icon/outlined/file-search.svg')
     , ('2023-04-21 17:18:21.785762', '2023-04-21 17:18:21.785762', NULL, 383, 'file-sync', '/icon/outlined/file-sync.svg')
     , ('2023-04-21 17:18:21.785762', '2023-04-21 17:18:21.785762', NULL, 384, 'file-text', '/icon/outlined/file-text.svg')
     , ('2023-04-21 17:18:21.785762', '2023-04-21 17:18:21.785762', NULL, 385, 'file-unknown', '/icon/outlined/file-unknown.svg')
     , ('2023-04-21 17:18:21.785762', '2023-04-21 17:18:21.785762', NULL, 386, 'file-word', '/icon/outlined/file-word.svg')
     , ('2023-04-21 17:18:21.785762', '2023-04-21 17:18:21.785762', NULL, 387, 'file-zip', '/icon/outlined/file-zip.svg')
     , ('2023-04-21 17:18:21.785762', '2023-04-21 17:18:21.785762', NULL, 388, 'file', '/icon/outlined/file.svg')
     , ('2023-04-21 17:18:21.785762', '2023-04-21 17:18:21.785762', NULL, 389, 'filter', '/icon/outlined/filter.svg')
     , ('2023-04-21 17:18:21.785762', '2023-04-21 17:18:21.785762', NULL, 390, 'fire', '/icon/outlined/fire.svg')
     , ('2023-04-21 17:18:21.785762', '2023-04-21 17:18:21.785762', NULL, 391, 'flag', '/icon/outlined/flag.svg')
     , ('2023-04-21 17:18:21.785762', '2023-04-21 17:18:21.785762', NULL, 392, 'folder-add', '/icon/outlined/folder-add.svg')
     , ('2023-04-21 17:18:21.785762', '2023-04-21 17:18:21.785762', NULL, 393, 'folder-open', '/icon/outlined/folder-open.svg')
     , ('2023-04-21 17:18:21.785762', '2023-04-21 17:18:21.785762', NULL, 394, 'folder-view', '/icon/outlined/folder-view.svg')
     , ('2023-04-21 17:18:21.785762', '2023-04-21 17:18:21.785762', NULL, 395, 'folder', '/icon/outlined/folder.svg')
     , ('2023-04-21 17:18:21.785762', '2023-04-21 17:18:21.785762', NULL, 396, 'font-colors', '/icon/outlined/font-colors.svg')
     , ('2023-04-21 17:18:21.785762', '2023-04-21 17:18:21.785762', NULL, 397, 'font-size', '/icon/outlined/font-size.svg')
     , ('2023-04-21 17:18:21.785762', '2023-04-21 17:18:21.785762', NULL, 398, 'fork', '/icon/outlined/fork.svg')
     , ('2023-04-21 17:18:21.785762', '2023-04-21 17:18:21.785762', NULL, 399, 'form', '/icon/outlined/form.svg')
     , ('2023-04-21 17:18:21.785762', '2023-04-21 17:18:21.785762', NULL, 400, 'format-painter', '/icon/outlined/format-painter.svg')
     , ('2023-04-21 17:18:21.785762', '2023-04-21 17:18:21.785762', NULL, 401, 'forward', '/icon/outlined/forward.svg')
     , ('2023-04-21 17:18:21.785762', '2023-04-21 17:18:21.785762', NULL, 402, 'frown', '/icon/outlined/frown.svg')
     , ('2023-04-21 17:18:21.785762', '2023-04-21 17:18:21.785762', NULL, 403, 'fullscreen-exit', '/icon/outlined/fullscreen-exit.svg')
     , ('2023-04-21 17:18:21.785762', '2023-04-21 17:18:21.785762', NULL, 404, 'fullscreen', '/icon/outlined/fullscreen.svg')
     , ('2023-04-21 17:18:21.785762', '2023-04-21 17:18:21.785762', NULL, 405, 'function', '/icon/outlined/function.svg')
     , ('2023-04-21 17:18:21.785762', '2023-04-21 17:18:21.785762', NULL, 406, 'fund-projection-screen', '/icon/outlined/fund-projection-screen.svg')
     , ('2023-04-21 17:18:21.785762', '2023-04-21 17:18:21.785762', NULL, 407, 'fund-view', '/icon/outlined/fund-view.svg')
     , ('2023-04-21 17:18:21.785762', '2023-04-21 17:18:21.785762', NULL, 408, 'fund', '/icon/outlined/fund.svg')
     , ('2023-04-21 17:18:21.785762', '2023-04-21 17:18:21.785762', NULL, 409, 'funnel-plot', '/icon/outlined/funnel-plot.svg')
     , ('2023-04-21 17:18:21.785762', '2023-04-21 17:18:21.785762', NULL, 410, 'gateway', '/icon/outlined/gateway.svg')
     , ('2023-04-21 17:18:21.785762', '2023-04-21 17:18:21.785762', NULL, 411, 'gif', '/icon/outlined/gif.svg')
     , ('2023-04-21 17:18:21.785762', '2023-04-21 17:18:21.785762', NULL, 412, 'gift', '/icon/outlined/gift.svg')
     , ('2023-04-21 17:18:21.785762', '2023-04-21 17:18:21.785762', NULL, 413, 'github', '/icon/outlined/github.svg')
     , ('2023-04-21 17:18:21.785762', '2023-04-21 17:18:21.785762', NULL, 414, 'gitlab', '/icon/outlined/gitlab.svg')
     , ('2023-04-21 17:18:21.785762', '2023-04-21 17:18:21.785762', NULL, 415, 'global', '/icon/outlined/global.svg')
     , ('2023-04-21 17:18:21.785762', '2023-04-21 17:18:21.785762', NULL, 416, 'gold', '/icon/outlined/gold.svg')
     , ('2023-04-21 17:18:21.785762', '2023-04-21 17:18:21.785762', NULL, 417, 'google-plus', '/icon/outlined/google-plus.svg')
     , ('2023-04-21 17:18:21.785762', '2023-04-21 17:18:21.785762', NULL, 418, 'google', '/icon/outlined/google.svg')
     , ('2023-04-21 17:18:21.785762', '2023-04-21 17:18:21.785762', NULL, 419, 'group', '/icon/outlined/group.svg')
     , ('2023-04-21 17:18:21.785762', '2023-04-21 17:18:21.785762', NULL, 420, 'hdd', '/icon/outlined/hdd.svg')
     , ('2023-04-21 17:18:21.785762', '2023-04-21 17:18:21.785762', NULL, 421, 'heart', '/icon/outlined/heart.svg')
     , ('2023-04-21 17:18:21.785762', '2023-04-21 17:18:21.785762', NULL, 422, 'heat-map', '/icon/outlined/heat-map.svg')
     , ('2023-04-21 17:18:21.785762', '2023-04-21 17:18:21.785762', NULL, 423, 'highlight', '/icon/outlined/highlight.svg')
     , ('2023-04-21 17:18:21.785762', '2023-04-21 17:18:21.785762', NULL, 424, 'history', '/icon/outlined/history.svg')
     , ('2023-04-21 17:18:21.785762', '2023-04-21 17:18:21.785762', NULL, 425, 'holder', '/icon/outlined/holder.svg')
     , ('2023-04-21 17:18:21.785762', '2023-04-21 17:18:21.785762', NULL, 426, 'home', '/icon/outlined/home.svg')
     , ('2023-04-21 17:18:21.785762', '2023-04-21 17:18:21.785762', NULL, 427, 'hourglass', '/icon/outlined/hourglass.svg')
     , ('2023-04-21 17:18:21.785762', '2023-04-21 17:18:21.785762', NULL, 428, 'html5', '/icon/outlined/html5.svg')
     , ('2023-04-21 17:18:21.785762', '2023-04-21 17:18:21.785762', NULL, 429, 'idcard', '/icon/outlined/idcard.svg')
     , ('2023-04-21 17:18:21.785762', '2023-04-21 17:18:21.785762', NULL, 430, 'ie', '/icon/outlined/ie.svg')
     , ('2023-04-21 17:18:21.785762', '2023-04-21 17:18:21.785762', NULL, 431, 'import', '/icon/outlined/import.svg')
     , ('2023-04-21 17:18:21.785762', '2023-04-21 17:18:21.785762', NULL, 432, 'inbox', '/icon/outlined/inbox.svg')
     , ('2023-04-21 17:18:21.785762', '2023-04-21 17:18:21.785762', NULL, 433, 'info-circle', '/icon/outlined/info-circle.svg')
     , ('2023-04-21 17:18:21.785762', '2023-04-21 17:18:21.785762', NULL, 434, 'info', '/icon/outlined/info.svg')
     , ('2023-04-21 17:18:21.785762', '2023-04-21 17:18:21.785762', NULL, 435, 'insert-row-above', '/icon/outlined/insert-row-above.svg')
     , ('2023-04-21 17:18:21.785762', '2023-04-21 17:18:21.785762', NULL, 436, 'insert-row-below', '/icon/outlined/insert-row-below.svg')
     , ('2023-04-21 17:18:21.785762', '2023-04-21 17:18:21.785762', NULL, 437, 'insert-row-left', '/icon/outlined/insert-row-left.svg')
     , ('2023-04-21 17:18:21.785762', '2023-04-21 17:18:21.785762', NULL, 438, 'insert-row-right', '/icon/outlined/insert-row-right.svg')
     , ('2023-04-21 17:18:21.785762', '2023-04-21 17:18:21.785762', NULL, 439, 'instagram', '/icon/outlined/instagram.svg')
     , ('2023-04-21 17:18:21.785762', '2023-04-21 17:18:21.785762', NULL, 440, 'insurance', '/icon/outlined/insurance.svg')
     , ('2023-04-21 17:18:21.785762', '2023-04-21 17:18:21.785762', NULL, 441, 'interaction', '/icon/outlined/interaction.svg')
     , ('2023-04-21 17:18:21.785762', '2023-04-21 17:18:21.785762', NULL, 442, 'issues-close', '/icon/outlined/issues-close.svg')
     , ('2023-04-21 17:18:21.785762', '2023-04-21 17:18:21.785762', NULL, 443, 'italic', '/icon/outlined/italic.svg')
     , ('2023-04-21 17:18:21.785762', '2023-04-21 17:18:21.785762', NULL, 444, 'key', '/icon/outlined/key.svg')
     , ('2023-04-21 17:18:21.785762', '2023-04-21 17:18:21.785762', NULL, 445, 'laptop', '/icon/outlined/laptop.svg')
     , ('2023-04-21 17:18:21.785762', '2023-04-21 17:18:21.785762', NULL, 446, 'layout', '/icon/outlined/layout.svg')
     , ('2023-04-21 17:18:21.785762', '2023-04-21 17:18:21.785762', NULL, 447, 'left-circle', '/icon/outlined/left-circle.svg')
     , ('2023-04-21 17:18:21.785762', '2023-04-21 17:18:21.785762', NULL, 448, 'left-square', '/icon/outlined/left-square.svg')
     , ('2023-04-21 17:18:21.785762', '2023-04-21 17:18:21.785762', NULL, 449, 'left', '/icon/outlined/left.svg')
     , ('2023-04-21 17:18:21.785762', '2023-04-21 17:18:21.785762', NULL, 450, 'like', '/icon/outlined/like.svg')
     , ('2023-04-21 17:18:21.785762', '2023-04-21 17:18:21.785762', NULL, 451, 'line-chart', '/icon/outlined/line-chart.svg')
     , ('2023-04-21 17:18:21.785762', '2023-04-21 17:18:21.785762', NULL, 452, 'line-height', '/icon/outlined/line-height.svg')
     , ('2023-04-21 17:18:21.785762', '2023-04-21 17:18:21.785762', NULL, 453, 'line', '/icon/outlined/line.svg')
     , ('2023-04-21 17:18:21.785762', '2023-04-21 17:18:21.785762', NULL, 454, 'link', '/icon/outlined/link.svg')
     , ('2023-04-21 17:18:21.785762', '2023-04-21 17:18:21.785762', NULL, 455, 'linkedin', '/icon/outlined/linkedin.svg')
     , ('2023-04-21 17:18:21.785762', '2023-04-21 17:18:21.785762', NULL, 456, 'loading-3-quarters', '/icon/outlined/loading-3-quarters.svg')
     , ('2023-04-21 17:18:21.785762', '2023-04-21 17:18:21.785762', NULL, 457, 'loading', '/icon/outlined/loading.svg')
     , ('2023-04-21 17:18:21.785762', '2023-04-21 17:18:21.785762', NULL, 458, 'lock', '/icon/outlined/lock.svg')
     , ('2023-04-21 17:18:21.785762', '2023-04-21 17:18:21.785762', NULL, 459, 'login', '/icon/outlined/login.svg')
     , ('2023-04-21 17:18:21.785762', '2023-04-21 17:18:21.785762', NULL, 460, 'logout', '/icon/outlined/logout.svg')
     , ('2023-04-21 17:18:21.785762', '2023-04-21 17:18:21.785762', NULL, 461, 'mac-command', '/icon/outlined/mac-command.svg')
     , ('2023-04-21 17:18:21.785762', '2023-04-21 17:18:21.785762', NULL, 462, 'mail', '/icon/outlined/mail.svg')
     , ('2023-04-21 17:18:21.785762', '2023-04-21 17:18:21.785762', NULL, 463, 'man', '/icon/outlined/man.svg')
     , ('2023-04-21 17:18:21.785762', '2023-04-21 17:18:21.785762', NULL, 464, 'medicine-box', '/icon/outlined/medicine-box.svg')
     , ('2023-04-21 17:18:21.785762', '2023-04-21 17:18:21.785762', NULL, 465, 'medium-workmark', '/icon/outlined/medium-workmark.svg')
     , ('2023-04-21 17:18:21.785762', '2023-04-21 17:18:21.785762', NULL, 466, 'medium', '/icon/outlined/medium.svg')
     , ('2023-04-21 17:18:21.785762', '2023-04-21 17:18:21.785762', NULL, 467, 'meh', '/icon/outlined/meh.svg')
     , ('2023-04-21 17:18:21.785762', '2023-04-21 17:18:21.785762', NULL, 468, 'menu-fold', '/icon/outlined/menu-fold.svg')
     , ('2023-04-21 17:18:21.785762', '2023-04-21 17:18:21.785762', NULL, 469, 'menu-unfold', '/icon/outlined/menu-unfold.svg')
     , ('2023-04-21 17:18:21.785762', '2023-04-21 17:18:21.785762', NULL, 470, 'menu', '/icon/outlined/menu.svg')
     , ('2023-04-21 17:18:21.785762', '2023-04-21 17:18:21.785762', NULL, 471, 'merge-cells', '/icon/outlined/merge-cells.svg')
     , ('2023-04-21 17:18:21.785762', '2023-04-21 17:18:21.785762', NULL, 472, 'message', '/icon/outlined/message.svg')
     , ('2023-04-21 17:18:21.785762', '2023-04-21 17:18:21.785762', NULL, 473, 'minus-circle', '/icon/outlined/minus-circle.svg')
     , ('2023-04-21 17:18:21.785762', '2023-04-21 17:18:21.785762', NULL, 474, 'minus-square', '/icon/outlined/minus-square.svg')
     , ('2023-04-21 17:18:21.785762', '2023-04-21 17:18:21.785762', NULL, 475, 'minus', '/icon/outlined/minus.svg')
     , ('2023-04-21 17:18:21.785762', '2023-04-21 17:18:21.785762', NULL, 476, 'mobile', '/icon/outlined/mobile.svg')
     , ('2023-04-21 17:18:21.785762', '2023-04-21 17:18:21.785762', NULL, 477, 'money-collect', '/icon/outlined/money-collect.svg')
     , ('2023-04-21 17:18:21.785762', '2023-04-21 17:18:21.785762', NULL, 478, 'monitor', '/icon/outlined/monitor.svg')
     , ('2023-04-21 17:18:21.785762', '2023-04-21 17:18:21.785762', NULL, 479, 'more', '/icon/outlined/more.svg')
     , ('2023-04-21 17:18:21.785762', '2023-04-21 17:18:21.785762', NULL, 480, 'node-collapse', '/icon/outlined/node-collapse.svg')
     , ('2023-04-21 17:18:21.785762', '2023-04-21 17:18:21.785762', NULL, 481, 'node-expand', '/icon/outlined/node-expand.svg')
     , ('2023-04-21 17:18:21.785762', '2023-04-21 17:18:21.785762', NULL, 482, 'node-index', '/icon/outlined/node-index.svg')
     , ('2023-04-21 17:18:21.785762', '2023-04-21 17:18:21.785762', NULL, 483, 'notification', '/icon/outlined/notification.svg')
     , ('2023-04-21 17:18:21.785762', '2023-04-21 17:18:21.785762', NULL, 484, 'number', '/icon/outlined/number.svg')
     , ('2023-04-21 17:18:21.785762', '2023-04-21 17:18:21.785762', NULL, 485, 'one-to-one', '/icon/outlined/one-to-one.svg')
     , ('2023-04-21 17:18:21.785762', '2023-04-21 17:18:21.785762', NULL, 486, 'ordered-list', '/icon/outlined/ordered-list.svg')
     , ('2023-04-21 17:18:21.785762', '2023-04-21 17:18:21.785762', NULL, 487, 'paper-clip', '/icon/outlined/paper-clip.svg')
     , ('2023-04-21 17:18:21.785762', '2023-04-21 17:18:21.785762', NULL, 488, 'partition', '/icon/outlined/partition.svg')
     , ('2023-04-21 17:18:21.785762', '2023-04-21 17:18:21.785762', NULL, 489, 'pause-circle', '/icon/outlined/pause-circle.svg')
     , ('2023-04-21 17:18:21.785762', '2023-04-21 17:18:21.785762', NULL, 490, 'pause', '/icon/outlined/pause.svg')
     , ('2023-04-21 17:18:21.785762', '2023-04-21 17:18:21.785762', NULL, 491, 'pay-circle', '/icon/outlined/pay-circle.svg')
     , ('2023-04-21 17:18:21.785762', '2023-04-21 17:18:21.785762', NULL, 492, 'percentage', '/icon/outlined/percentage.svg')
     , ('2023-04-21 17:18:21.785762', '2023-04-21 17:18:21.785762', NULL, 493, 'phone', '/icon/outlined/phone.svg')
     , ('2023-04-21 17:18:21.785762', '2023-04-21 17:18:21.785762', NULL, 494, 'pic-center', '/icon/outlined/pic-center.svg')
     , ('2023-04-21 17:18:21.785762', '2023-04-21 17:18:21.785762', NULL, 495, 'pic-left', '/icon/outlined/pic-left.svg')
     , ('2023-04-21 17:18:21.785762', '2023-04-21 17:18:21.785762', NULL, 496, 'pic-right', '/icon/outlined/pic-right.svg')
     , ('2023-04-21 17:18:21.785762', '2023-04-21 17:18:21.785762', NULL, 497, 'picture', '/icon/outlined/picture.svg')
     , ('2023-04-21 17:18:21.785762', '2023-04-21 17:18:21.785762', NULL, 498, 'pie-chart', '/icon/outlined/pie-chart.svg')
     , ('2023-04-21 17:18:21.785762', '2023-04-21 17:18:21.785762', NULL, 499, 'play-circle', '/icon/outlined/play-circle.svg')
     , ('2023-04-21 17:18:21.785762', '2023-04-21 17:18:21.785762', NULL, 500, 'play-square', '/icon/outlined/play-square.svg')
     , ('2023-04-21 17:18:21.785762', '2023-04-21 17:18:21.785762', NULL, 501, 'plus-circle', '/icon/outlined/plus-circle.svg')
     , ('2023-04-21 17:18:21.785762', '2023-04-21 17:18:21.785762', NULL, 502, 'plus-square', '/icon/outlined/plus-square.svg')
     , ('2023-04-21 17:18:21.785762', '2023-04-21 17:18:21.785762', NULL, 503, 'plus', '/icon/outlined/plus.svg')
     , ('2023-04-21 17:18:21.785762', '2023-04-21 17:18:21.785762', NULL, 504, 'pound-circle', '/icon/outlined/pound-circle.svg')
     , ('2023-04-21 17:18:21.785762', '2023-04-21 17:18:21.785762', NULL, 505, 'pound', '/icon/outlined/pound.svg')
     , ('2023-04-21 17:18:21.785762', '2023-04-21 17:18:21.785762', NULL, 506, 'poweroff', '/icon/outlined/poweroff.svg')
     , ('2023-04-21 17:18:21.785762', '2023-04-21 17:18:21.785762', NULL, 507, 'printer', '/icon/outlined/printer.svg')
     , ('2023-04-21 17:18:21.785762', '2023-04-21 17:18:21.785762', NULL, 508, 'profile', '/icon/outlined/profile.svg')
     , ('2023-04-21 17:18:21.785762', '2023-04-21 17:18:21.785762', NULL, 509, 'project', '/icon/outlined/project.svg')
     , ('2023-04-21 17:18:21.785762', '2023-04-21 17:18:21.785762', NULL, 510, 'property-safety', '/icon/outlined/property-safety.svg')
     , ('2023-04-21 17:18:21.785762', '2023-04-21 17:18:21.785762', NULL, 511, 'pull-request', '/icon/outlined/pull-request.svg')
     , ('2023-04-21 17:18:21.785762', '2023-04-21 17:18:21.785762', NULL, 512, 'pushpin', '/icon/outlined/pushpin.svg')
     , ('2023-04-21 17:18:21.785762', '2023-04-21 17:18:21.785762', NULL, 513, 'qq', '/icon/outlined/qq.svg')
     , ('2023-04-21 17:18:21.785762', '2023-04-21 17:18:21.785762', NULL, 514, 'qrcode', '/icon/outlined/qrcode.svg')
     , ('2023-04-21 17:18:21.785762', '2023-04-21 17:18:21.785762', NULL, 515, 'question-circle', '/icon/outlined/question-circle.svg')
     , ('2023-04-21 17:18:21.785762', '2023-04-21 17:18:21.785762', NULL, 516, 'question', '/icon/outlined/question.svg')
     , ('2023-04-21 17:18:21.785762', '2023-04-21 17:18:21.785762', NULL, 517, 'radar-chart', '/icon/outlined/radar-chart.svg')
     , ('2023-04-21 17:18:21.785762', '2023-04-21 17:18:21.785762', NULL, 518, 'radius-bottomleft', '/icon/outlined/radius-bottomleft.svg')
     , ('2023-04-21 17:18:21.785762', '2023-04-21 17:18:21.785762', NULL, 519, 'radius-bottomright', '/icon/outlined/radius-bottomright.svg')
     , ('2023-04-21 17:18:21.785762', '2023-04-21 17:18:21.785762', NULL, 520, 'radius-setting', '/icon/outlined/radius-setting.svg')
     , ('2023-04-21 17:18:21.785762', '2023-04-21 17:18:21.785762', NULL, 521, 'radius-upleft', '/icon/outlined/radius-upleft.svg')
     , ('2023-04-21 17:18:21.785762', '2023-04-21 17:18:21.785762', NULL, 522, 'radius-upright', '/icon/outlined/radius-upright.svg')
     , ('2023-04-21 17:18:21.785762', '2023-04-21 17:18:21.785762', NULL, 523, 'read', '/icon/outlined/read.svg')
     , ('2023-04-21 17:18:21.785762', '2023-04-21 17:18:21.785762', NULL, 524, 'reconciliation', '/icon/outlined/reconciliation.svg')
     , ('2023-04-21 17:18:21.785762', '2023-04-21 17:18:21.785762', NULL, 525, 'red-envelope', '/icon/outlined/red-envelope.svg')
     , ('2023-04-21 17:18:21.785762', '2023-04-21 17:18:21.785762', NULL, 526, 'reddit', '/icon/outlined/reddit.svg')
     , ('2023-04-21 17:18:21.785762', '2023-04-21 17:18:21.785762', NULL, 527, 'redo', '/icon/outlined/redo.svg')
     , ('2023-04-21 17:18:21.785762', '2023-04-21 17:18:21.785762', NULL, 528, 'reload', '/icon/outlined/reload.svg')
     , ('2023-04-21 17:18:21.785762', '2023-04-21 17:18:21.785762', NULL, 529, 'rest', '/icon/outlined/rest.svg')
     , ('2023-04-21 17:18:21.785762', '2023-04-21 17:18:21.785762', NULL, 530, 'retweet', '/icon/outlined/retweet.svg')
     , ('2023-04-21 17:18:21.785762', '2023-04-21 17:18:21.785762', NULL, 531, 'right-circle', '/icon/outlined/right-circle.svg')
     , ('2023-04-21 17:18:21.785762', '2023-04-21 17:18:21.785762', NULL, 532, 'right-square', '/icon/outlined/right-square.svg')
     , ('2023-04-21 17:18:21.785762', '2023-04-21 17:18:21.785762', NULL, 533, 'right', '/icon/outlined/right.svg')
     , ('2023-04-21 17:18:21.785762', '2023-04-21 17:18:21.785762', NULL, 534, 'rise', '/icon/outlined/rise.svg')
     , ('2023-04-21 17:18:21.785762', '2023-04-21 17:18:21.785762', NULL, 535, 'robot', '/icon/outlined/robot.svg')
     , ('2023-04-21 17:18:21.785762', '2023-04-21 17:18:21.785762', NULL, 536, 'rocket', '/icon/outlined/rocket.svg')
     , ('2023-04-21 17:18:21.785762', '2023-04-21 17:18:21.785762', NULL, 537, 'rollback', '/icon/outlined/rollback.svg')
     , ('2023-04-21 17:18:21.785762', '2023-04-21 17:18:21.785762', NULL, 538, 'rotate-left', '/icon/outlined/rotate-left.svg')
     , ('2023-04-21 17:18:21.785762', '2023-04-21 17:18:21.785762', NULL, 539, 'rotate-right', '/icon/outlined/rotate-right.svg')
     , ('2023-04-21 17:18:21.785762', '2023-04-21 17:18:21.785762', NULL, 540, 'safety-certificate', '/icon/outlined/safety-certificate.svg')
     , ('2023-04-21 17:18:21.785762', '2023-04-21 17:18:21.785762', NULL, 541, 'safety', '/icon/outlined/safety.svg')
     , ('2023-04-21 17:18:21.785762', '2023-04-21 17:18:21.785762', NULL, 542, 'save', '/icon/outlined/save.svg')
     , ('2023-04-21 17:18:21.785762', '2023-04-21 17:18:21.785762', NULL, 543, 'scan', '/icon/outlined/scan.svg')
     , ('2023-04-21 17:18:21.785762', '2023-04-21 17:18:21.785762', NULL, 544, 'schedule', '/icon/outlined/schedule.svg')
     , ('2023-04-21 17:18:21.785762', '2023-04-21 17:18:21.785762', NULL, 545, 'scissor', '/icon/outlined/scissor.svg')
     , ('2023-04-21 17:18:21.785762', '2023-04-21 17:18:21.785762', NULL, 546, 'search', '/icon/outlined/search.svg')
     , ('2023-04-21 17:18:21.785762', '2023-04-21 17:18:21.785762', NULL, 547, 'security-scan', '/icon/outlined/security-scan.svg')
     , ('2023-04-21 17:18:21.785762', '2023-04-21 17:18:21.785762', NULL, 548, 'select', '/icon/outlined/select.svg')
     , ('2023-04-21 17:18:21.785762', '2023-04-21 17:18:21.785762', NULL, 549, 'send', '/icon/outlined/send.svg')
     , ('2023-04-21 17:18:21.785762', '2023-04-21 17:18:21.785762', NULL, 550, 'setting', '/icon/outlined/setting.svg')
     , ('2023-04-21 17:18:21.785762', '2023-04-21 17:18:21.785762', NULL, 551, 'shake', '/icon/outlined/shake.svg')
     , ('2023-04-21 17:18:21.785762', '2023-04-21 17:18:21.785762', NULL, 552, 'share-alt', '/icon/outlined/share-alt.svg')
     , ('2023-04-21 17:18:21.785762', '2023-04-21 17:18:21.785762', NULL, 553, 'shop', '/icon/outlined/shop.svg')
     , ('2023-04-21 17:18:21.785762', '2023-04-21 17:18:21.785762', NULL, 554, 'shopping-cart', '/icon/outlined/shopping-cart.svg')
     , ('2023-04-21 17:18:21.785762', '2023-04-21 17:18:21.785762', NULL, 555, 'shopping', '/icon/outlined/shopping.svg')
     , ('2023-04-21 17:18:21.785762', '2023-04-21 17:18:21.785762', NULL, 556, 'shrink', '/icon/outlined/shrink.svg')
     , ('2023-04-21 17:18:21.785762', '2023-04-21 17:18:21.785762', NULL, 557, 'sisternode', '/icon/outlined/sisternode.svg')
     , ('2023-04-21 17:18:21.785762', '2023-04-21 17:18:21.785762', NULL, 558, 'sketch', '/icon/outlined/sketch.svg')
     , ('2023-04-21 17:18:21.785762', '2023-04-21 17:18:21.785762', NULL, 559, 'skin', '/icon/outlined/skin.svg')
     , ('2023-04-21 17:18:21.785762', '2023-04-21 17:18:21.785762', NULL, 560, 'skype', '/icon/outlined/skype.svg')
     , ('2023-04-21 17:18:21.785762', '2023-04-21 17:18:21.785762', NULL, 561, 'slack-square', '/icon/outlined/slack-square.svg')
     , ('2023-04-21 17:18:21.785762', '2023-04-21 17:18:21.785762', NULL, 562, 'slack', '/icon/outlined/slack.svg')
     , ('2023-04-21 17:18:21.785762', '2023-04-21 17:18:21.785762', NULL, 563, 'sliders', '/icon/outlined/sliders.svg')
     , ('2023-04-21 17:18:21.785762', '2023-04-21 17:18:21.785762', NULL, 564, 'small-dash', '/icon/outlined/small-dash.svg')
     , ('2023-04-21 17:18:21.785762', '2023-04-21 17:18:21.785762', NULL, 565, 'smile', '/icon/outlined/smile.svg')
     , ('2023-04-21 17:18:21.785762', '2023-04-21 17:18:21.785762', NULL, 566, 'snippets', '/icon/outlined/snippets.svg')
     , ('2023-04-21 17:18:21.785762', '2023-04-21 17:18:21.785762', NULL, 567, 'solution', '/icon/outlined/solution.svg')
     , ('2023-04-21 17:18:21.785762', '2023-04-21 17:18:21.785762', NULL, 568, 'sort-ascending', '/icon/outlined/sort-ascending.svg')
     , ('2023-04-21 17:18:21.785762', '2023-04-21 17:18:21.785762', NULL, 569, 'sort-descending', '/icon/outlined/sort-descending.svg')
     , ('2023-04-21 17:18:21.785762', '2023-04-21 17:18:21.785762', NULL, 570, 'sound', '/icon/outlined/sound.svg')
     , ('2023-04-21 17:18:21.785762', '2023-04-21 17:18:21.785762', NULL, 571, 'split-cells', '/icon/outlined/split-cells.svg')
     , ('2023-04-21 17:18:21.785762', '2023-04-21 17:18:21.785762', NULL, 572, 'star', '/icon/outlined/star.svg')
     , ('2023-04-21 17:18:21.785762', '2023-04-21 17:18:21.785762', NULL, 573, 'step-backward', '/icon/outlined/step-backward.svg')
     , ('2023-04-21 17:18:21.785762', '2023-04-21 17:18:21.785762', NULL, 574, 'step-forward', '/icon/outlined/step-forward.svg')
     , ('2023-04-21 17:18:21.785762', '2023-04-21 17:18:21.785762', NULL, 575, 'stock', '/icon/outlined/stock.svg')
     , ('2023-04-21 17:18:21.785762', '2023-04-21 17:18:21.785762', NULL, 576, 'stop', '/icon/outlined/stop.svg')
     , ('2023-04-21 17:18:21.785762', '2023-04-21 17:18:21.785762', NULL, 577, 'strikethrough', '/icon/outlined/strikethrough.svg')
     , ('2023-04-21 17:18:21.785762', '2023-04-21 17:18:21.785762', NULL, 578, 'subnode', '/icon/outlined/subnode.svg')
     , ('2023-04-21 17:18:21.785762', '2023-04-21 17:18:21.785762', NULL, 579, 'swap-left', '/icon/outlined/swap-left.svg')
     , ('2023-04-21 17:18:21.785762', '2023-04-21 17:18:21.785762', NULL, 580, 'swap-right', '/icon/outlined/swap-right.svg')
     , ('2023-04-21 17:18:21.785762', '2023-04-21 17:18:21.785762', NULL, 581, 'swap', '/icon/outlined/swap.svg')
     , ('2023-04-21 17:18:21.785762', '2023-04-21 17:18:21.785762', NULL, 582, 'switcher', '/icon/outlined/switcher.svg')
     , ('2023-04-21 17:18:21.785762', '2023-04-21 17:18:21.785762', NULL, 583, 'sync', '/icon/outlined/sync.svg')
     , ('2023-04-21 17:18:21.785762', '2023-04-21 17:18:21.785762', NULL, 584, 'table', '/icon/outlined/table.svg')
     , ('2023-04-21 17:18:21.785762', '2023-04-21 17:18:21.785762', NULL, 585, 'tablet', '/icon/outlined/tablet.svg')
     , ('2023-04-21 17:18:21.785762', '2023-04-21 17:18:21.785762', NULL, 586, 'tag', '/icon/outlined/tag.svg')
     , ('2023-04-21 17:18:21.785762', '2023-04-21 17:18:21.785762', NULL, 587, 'tags', '/icon/outlined/tags.svg')
     , ('2023-04-21 17:18:21.785762', '2023-04-21 17:18:21.785762', NULL, 588, 'taobao-circle', '/icon/outlined/taobao-circle.svg')
     , ('2023-04-21 17:18:21.785762', '2023-04-21 17:18:21.785762', NULL, 589, 'taobao', '/icon/outlined/taobao.svg')
     , ('2023-04-21 17:18:21.785762', '2023-04-21 17:18:21.785762', NULL, 590, 'team', '/icon/outlined/team.svg')
     , ('2023-04-21 17:18:21.785762', '2023-04-21 17:18:21.785762', NULL, 591, 'thunderbolt', '/icon/outlined/thunderbolt.svg')
     , ('2023-04-21 17:18:21.785762', '2023-04-21 17:18:21.785762', NULL, 592, 'to-top', '/icon/outlined/to-top.svg')
     , ('2023-04-21 17:18:21.785762', '2023-04-21 17:18:21.785762', NULL, 593, 'tool', '/icon/outlined/tool.svg')
     , ('2023-04-21 17:18:21.785762', '2023-04-21 17:18:21.785762', NULL, 594, 'trademark-circle', '/icon/outlined/trademark-circle.svg')
     , ('2023-04-21 17:18:21.785762', '2023-04-21 17:18:21.785762', NULL, 595, 'trademark', '/icon/outlined/trademark.svg')
     , ('2023-04-21 17:18:21.785762', '2023-04-21 17:18:21.785762', NULL, 596, 'transaction', '/icon/outlined/transaction.svg')
     , ('2023-04-21 17:18:21.785762', '2023-04-21 17:18:21.785762', NULL, 597, 'translation', '/icon/outlined/translation.svg')
     , ('2023-04-21 17:18:21.785762', '2023-04-21 17:18:21.785762', NULL, 598, 'trophy', '/icon/outlined/trophy.svg')
     , ('2023-04-21 17:18:21.785762', '2023-04-21 17:18:21.785762', NULL, 599, 'twitter', '/icon/outlined/twitter.svg')
     , ('2023-04-21 17:18:21.785762', '2023-04-21 17:18:21.785762', NULL, 600, 'underline', '/icon/outlined/underline.svg')
     , ('2023-04-21 17:18:21.785762', '2023-04-21 17:18:21.785762', NULL, 601, 'undo', '/icon/outlined/undo.svg')
     , ('2023-04-21 17:18:21.785762', '2023-04-21 17:18:21.785762', NULL, 602, 'ungroup', '/icon/outlined/ungroup.svg')
     , ('2023-04-21 17:18:21.785762', '2023-04-21 17:18:21.785762', NULL, 603, 'unlock', '/icon/outlined/unlock.svg')
     , ('2023-04-21 17:18:21.785762', '2023-04-21 17:18:21.785762', NULL, 604, 'unordered-list', '/icon/outlined/unordered-list.svg')
     , ('2023-04-21 17:18:21.785762', '2023-04-21 17:18:21.785762', NULL, 605, 'up-circle', '/icon/outlined/up-circle.svg')
     , ('2023-04-21 17:18:21.785762', '2023-04-21 17:18:21.785762', NULL, 606, 'up-square', '/icon/outlined/up-square.svg')
     , ('2023-04-21 17:18:21.785762', '2023-04-21 17:18:21.785762', NULL, 607, 'up', '/icon/outlined/up.svg')
     , ('2023-04-21 17:18:21.785762', '2023-04-21 17:18:21.785762', NULL, 608, 'upload', '/icon/outlined/upload.svg')
     , ('2023-04-21 17:18:21.785762', '2023-04-21 17:18:21.785762', NULL, 609, 'usb', '/icon/outlined/usb.svg')
     , ('2023-04-21 17:18:21.785762', '2023-04-21 17:18:21.785762', NULL, 610, 'user-add', '/icon/outlined/user-add.svg')
     , ('2023-04-21 17:18:21.785762', '2023-04-21 17:18:21.785762', NULL, 611, 'user-delete', '/icon/outlined/user-delete.svg')
     , ('2023-04-21 17:18:21.785762', '2023-04-21 17:18:21.785762', NULL, 612, 'user-switch', '/icon/outlined/user-switch.svg')
     , ('2023-04-21 17:18:21.785762', '2023-04-21 17:18:21.785762', NULL, 613, 'user', '/icon/outlined/user.svg')
     , ('2023-04-21 17:18:21.785762', '2023-04-21 17:18:21.785762', NULL, 614, 'usergroup-add', '/icon/outlined/usergroup-add.svg')
     , ('2023-04-21 17:18:21.785762', '2023-04-21 17:18:21.785762', NULL, 615, 'usergroup-delete', '/icon/outlined/usergroup-delete.svg')
     , ('2023-04-21 17:18:21.785762', '2023-04-21 17:18:21.785762', NULL, 616, 'verified', '/icon/outlined/verified.svg')
     , ('2023-04-21 17:18:21.785762', '2023-04-21 17:18:21.785762', NULL, 617, 'vertical-align-bottom', '/icon/outlined/vertical-align-bottom.svg')
     , ('2023-04-21 17:18:21.785762', '2023-04-21 17:18:21.785762', NULL, 618, 'vertical-align-middle', '/icon/outlined/vertical-align-middle.svg')
     , ('2023-04-21 17:18:21.785762', '2023-04-21 17:18:21.785762', NULL, 619, 'vertical-align-top', '/icon/outlined/vertical-align-top.svg')
     , ('2023-04-21 17:18:21.785762', '2023-04-21 17:18:21.785762', NULL, 620, 'vertical-left', '/icon/outlined/vertical-left.svg')
     , ('2023-04-21 17:18:21.785762', '2023-04-21 17:18:21.785762', NULL, 621, 'vertical-right', '/icon/outlined/vertical-right.svg')
     , ('2023-04-21 17:18:21.785762', '2023-04-21 17:18:21.785762', NULL, 622, 'video-camera-add', '/icon/outlined/video-camera-add.svg')
     , ('2023-04-21 17:18:21.785762', '2023-04-21 17:18:21.785762', NULL, 623, 'video-camera', '/icon/outlined/video-camera.svg')
     , ('2023-04-21 17:18:21.785762', '2023-04-21 17:18:21.785762', NULL, 624, 'wallet', '/icon/outlined/wallet.svg')
     , ('2023-04-21 17:18:21.785762', '2023-04-21 17:18:21.785762', NULL, 625, 'warning', '/icon/outlined/warning.svg')
     , ('2023-04-21 17:18:21.785762', '2023-04-21 17:18:21.785762', NULL, 626, 'wechat', '/icon/outlined/wechat.svg')
     , ('2023-04-21 17:18:21.785762', '2023-04-21 17:18:21.785762', NULL, 627, 'weibo-circle', '/icon/outlined/weibo-circle.svg')
     , ('2023-04-21 17:18:21.785762', '2023-04-21 17:18:21.785762', NULL, 628, 'weibo-square', '/icon/outlined/weibo-square.svg')
     , ('2023-04-21 17:18:21.785762', '2023-04-21 17:18:21.785762', NULL, 629, 'weibo', '/icon/outlined/weibo.svg')
     , ('2023-04-21 17:18:21.785762', '2023-04-21 17:18:21.785762', NULL, 630, 'whats-app', '/icon/outlined/whats-app.svg')
     , ('2023-04-21 17:18:21.785762', '2023-04-21 17:18:21.785762', NULL, 631, 'wifi', '/icon/outlined/wifi.svg')
     , ('2023-04-21 17:18:21.785762', '2023-04-21 17:18:21.785762', NULL, 632, 'windows', '/icon/outlined/windows.svg')
     , ('2023-04-21 17:18:21.785762', '2023-04-21 17:18:21.785762', NULL, 633, 'woman', '/icon/outlined/woman.svg')
     , ('2023-04-21 17:18:21.785762', '2023-04-21 17:18:21.785762', NULL, 634, 'yahoo', '/icon/outlined/yahoo.svg')
     , ('2023-04-21 17:18:21.785762', '2023-04-21 17:18:21.785762', NULL, 635, 'youtube', '/icon/outlined/youtube.svg')
     , ('2023-04-21 17:18:21.785762', '2023-04-21 17:18:21.785762', NULL, 636, 'yuque', '/icon/outlined/yuque.svg')
     , ('2023-04-21 17:18:21.785762', '2023-04-21 17:18:21.785762', NULL, 637, 'zhihu', '/icon/outlined/zhihu.svg')
     , ('2023-04-21 17:18:21.785762', '2023-04-21 17:18:21.785762', NULL, 638, 'zoom-in', '/icon/outlined/zoom-in.svg')
     , ('2023-04-21 17:18:21.785762', '2023-04-21 17:18:21.785762', NULL, 639, 'zoom-out', '/icon/outlined/zoom-out.svg')
     , ('2023-04-21 17:18:21.785762', '2023-04-21 17:18:21.785762', NULL, 640, 'account-book', '/icon/twotone/account-book.svg')
     , ('2023-04-21 17:18:21.785762', '2023-04-21 17:18:21.785762', NULL, 641, 'alert', '/icon/twotone/alert.svg')
     , ('2023-04-21 17:18:21.785762', '2023-04-21 17:18:21.785762', NULL, 642, 'api', '/icon/twotone/api.svg')
     , ('2023-04-21 17:18:21.785762', '2023-04-21 17:18:21.785762', NULL, 643, 'appstore', '/icon/twotone/appstore.svg')
     , ('2023-04-21 17:18:21.785762', '2023-04-21 17:18:21.785762', NULL, 644, 'audio', '/icon/twotone/audio.svg')
     , ('2023-04-21 17:18:21.785762', '2023-04-21 17:18:21.785762', NULL, 645, 'bank', '/icon/twotone/bank.svg')
     , ('2023-04-21 17:18:21.785762', '2023-04-21 17:18:21.785762', NULL, 646, 'bell', '/icon/twotone/bell.svg')
     , ('2023-04-21 17:18:21.785762', '2023-04-21 17:18:21.785762', NULL, 647, 'book', '/icon/twotone/book.svg')
     , ('2023-04-21 17:18:21.785762', '2023-04-21 17:18:21.785762', NULL, 648, 'box-plot', '/icon/twotone/box-plot.svg')
     , ('2023-04-21 17:18:21.785762', '2023-04-21 17:18:21.785762', NULL, 649, 'bug', '/icon/twotone/bug.svg')
     , ('2023-04-21 17:18:21.785762', '2023-04-21 17:18:21.785762', NULL, 650, 'build', '/icon/twotone/build.svg')
     , ('2023-04-21 17:18:21.785762', '2023-04-21 17:18:21.785762', NULL, 651, 'bulb', '/icon/twotone/bulb.svg')
     , ('2023-04-21 17:18:21.785762', '2023-04-21 17:18:21.785762', NULL, 652, 'calculator', '/icon/twotone/calculator.svg')
     , ('2023-04-21 17:18:21.785762', '2023-04-21 17:18:21.785762', NULL, 653, 'calendar', '/icon/twotone/calendar.svg')
     , ('2023-04-21 17:18:21.785762', '2023-04-21 17:18:21.785762', NULL, 654, 'camera', '/icon/twotone/camera.svg')
     , ('2023-04-21 17:18:21.785762', '2023-04-21 17:18:21.785762', NULL, 655, 'car', '/icon/twotone/car.svg')
     , ('2023-04-21 17:18:21.785762', '2023-04-21 17:18:21.785762', NULL, 656, 'carry-out', '/icon/twotone/carry-out.svg')
     , ('2023-04-21 17:18:21.785762', '2023-04-21 17:18:21.785762', NULL, 657, 'check-circle', '/icon/twotone/check-circle.svg')
     , ('2023-04-21 17:18:21.785762', '2023-04-21 17:18:21.785762', NULL, 658, 'check-square', '/icon/twotone/check-square.svg')
     , ('2023-04-21 17:18:21.785762', '2023-04-21 17:18:21.785762', NULL, 659, 'ci-circle', '/icon/twotone/ci-circle.svg')
     , ('2023-04-21 17:18:21.785762', '2023-04-21 17:18:21.785762', NULL, 660, 'ci', '/icon/twotone/ci.svg')
     , ('2023-04-21 17:18:21.785762', '2023-04-21 17:18:21.785762', NULL, 661, 'clock-circle', '/icon/twotone/clock-circle.svg')
     , ('2023-04-21 17:18:21.785762', '2023-04-21 17:18:21.785762', NULL, 662, 'close-circle', '/icon/twotone/close-circle.svg')
     , ('2023-04-21 17:18:21.785762', '2023-04-21 17:18:21.785762', NULL, 663, 'close-square', '/icon/twotone/close-square.svg')
     , ('2023-04-21 17:18:21.785762', '2023-04-21 17:18:21.785762', NULL, 664, 'cloud', '/icon/twotone/cloud.svg')
     , ('2023-04-21 17:18:21.785762', '2023-04-21 17:18:21.785762', NULL, 665, 'code', '/icon/twotone/code.svg')
     , ('2023-04-21 17:18:21.785762', '2023-04-21 17:18:21.785762', NULL, 666, 'compass', '/icon/twotone/compass.svg')
     , ('2023-04-21 17:18:21.785762', '2023-04-21 17:18:21.785762', NULL, 667, 'contacts', '/icon/twotone/contacts.svg')
     , ('2023-04-21 17:18:21.785762', '2023-04-21 17:18:21.785762', NULL, 668, 'container', '/icon/twotone/container.svg')
     , ('2023-04-21 17:18:21.785762', '2023-04-21 17:18:21.785762', NULL, 669, 'control', '/icon/twotone/control.svg')
     , ('2023-04-21 17:18:21.785762', '2023-04-21 17:18:21.785762', NULL, 670, 'copy', '/icon/twotone/copy.svg')
     , ('2023-04-21 17:18:21.785762', '2023-04-21 17:18:21.785762', NULL, 671, 'copyright-circle', '/icon/twotone/copyright-circle.svg')
     , ('2023-04-21 17:18:21.785762', '2023-04-21 17:18:21.785762', NULL, 672, 'copyright', '/icon/twotone/copyright.svg')
     , ('2023-04-21 17:18:21.785762', '2023-04-21 17:18:21.785762', NULL, 673, 'credit-card', '/icon/twotone/credit-card.svg')
     , ('2023-04-21 17:18:21.785762', '2023-04-21 17:18:21.785762', NULL, 674, 'crown', '/icon/twotone/crown.svg')
     , ('2023-04-21 17:18:21.785762', '2023-04-21 17:18:21.785762', NULL, 675, 'customer-service', '/icon/twotone/customer-service.svg')
     , ('2023-04-21 17:18:21.785762', '2023-04-21 17:18:21.785762', NULL, 676, 'dashboard', '/icon/twotone/dashboard.svg')
     , ('2023-04-21 17:18:21.785762', '2023-04-21 17:18:21.785762', NULL, 677, 'database', '/icon/twotone/database.svg')
     , ('2023-04-21 17:18:21.785762', '2023-04-21 17:18:21.785762', NULL, 678, 'delete', '/icon/twotone/delete.svg')
     , ('2023-04-21 17:18:21.785762', '2023-04-21 17:18:21.785762', NULL, 679, 'diff', '/icon/twotone/diff.svg')
     , ('2023-04-21 17:18:21.785762', '2023-04-21 17:18:21.785762', NULL, 680, 'dislike', '/icon/twotone/dislike.svg')
     , ('2023-04-21 17:18:21.785762', '2023-04-21 17:18:21.785762', NULL, 681, 'dollar-circle', '/icon/twotone/dollar-circle.svg')
     , ('2023-04-21 17:18:21.785762', '2023-04-21 17:18:21.785762', NULL, 682, 'dollar', '/icon/twotone/dollar.svg')
     , ('2023-04-21 17:18:21.785762', '2023-04-21 17:18:21.785762', NULL, 683, 'down-circle', '/icon/twotone/down-circle.svg')
     , ('2023-04-21 17:18:21.785762', '2023-04-21 17:18:21.785762', NULL, 684, 'down-square', '/icon/twotone/down-square.svg')
     , ('2023-04-21 17:18:21.785762', '2023-04-21 17:18:21.785762', NULL, 685, 'edit', '/icon/twotone/edit.svg')
     , ('2023-04-21 17:18:21.785762', '2023-04-21 17:18:21.785762', NULL, 686, 'environment', '/icon/twotone/environment.svg')
     , ('2023-04-21 17:18:21.785762', '2023-04-21 17:18:21.785762', NULL, 687, 'euro-circle', '/icon/twotone/euro-circle.svg')
     , ('2023-04-21 17:18:21.785762', '2023-04-21 17:18:21.785762', NULL, 688, 'euro', '/icon/twotone/euro.svg')
     , ('2023-04-21 17:18:21.785762', '2023-04-21 17:18:21.785762', NULL, 689, 'exclamation-circle', '/icon/twotone/exclamation-circle.svg')
     , ('2023-04-21 17:18:21.785762', '2023-04-21 17:18:21.785762', NULL, 690, 'experiment', '/icon/twotone/experiment.svg')
     , ('2023-04-21 17:18:21.785762', '2023-04-21 17:18:21.785762', NULL, 691, 'eye-invisible', '/icon/twotone/eye-invisible.svg')
     , ('2023-04-21 17:18:21.785762', '2023-04-21 17:18:21.785762', NULL, 692, 'eye', '/icon/twotone/eye.svg')
     , ('2023-04-21 17:18:21.785762', '2023-04-21 17:18:21.785762', NULL, 693, 'file-add', '/icon/twotone/file-add.svg')
     , ('2023-04-21 17:18:21.785762', '2023-04-21 17:18:21.785762', NULL, 694, 'file-excel', '/icon/twotone/file-excel.svg')
     , ('2023-04-21 17:18:21.785762', '2023-04-21 17:18:21.785762', NULL, 695, 'file-exclamation', '/icon/twotone/file-exclamation.svg')
     , ('2023-04-21 17:18:21.785762', '2023-04-21 17:18:21.785762', NULL, 696, 'file-image', '/icon/twotone/file-image.svg')
     , ('2023-04-21 17:18:21.785762', '2023-04-21 17:18:21.785762', NULL, 697, 'file-markdown', '/icon/twotone/file-markdown.svg')
     , ('2023-04-21 17:18:21.785762', '2023-04-21 17:18:21.785762', NULL, 698, 'file-pdf', '/icon/twotone/file-pdf.svg')
     , ('2023-04-21 17:18:21.785762', '2023-04-21 17:18:21.785762', NULL, 699, 'file-ppt', '/icon/twotone/file-ppt.svg')
     , ('2023-04-21 17:18:21.785762', '2023-04-21 17:18:21.785762', NULL, 700, 'file-text', '/icon/twotone/file-text.svg')
     , ('2023-04-21 17:18:21.785762', '2023-04-21 17:18:21.785762', NULL, 701, 'file-unknown', '/icon/twotone/file-unknown.svg')
     , ('2023-04-21 17:18:21.785762', '2023-04-21 17:18:21.785762', NULL, 702, 'file-word', '/icon/twotone/file-word.svg')
     , ('2023-04-21 17:18:21.785762', '2023-04-21 17:18:21.785762', NULL, 703, 'file-zip', '/icon/twotone/file-zip.svg')
     , ('2023-04-21 17:18:21.785762', '2023-04-21 17:18:21.785762', NULL, 704, 'file', '/icon/twotone/file.svg')
     , ('2023-04-21 17:18:21.785762', '2023-04-21 17:18:21.785762', NULL, 705, 'filter', '/icon/twotone/filter.svg')
     , ('2023-04-21 17:18:21.785762', '2023-04-21 17:18:21.785762', NULL, 706, 'fire', '/icon/twotone/fire.svg')
     , ('2023-04-21 17:18:21.785762', '2023-04-21 17:18:21.785762', NULL, 707, 'flag', '/icon/twotone/flag.svg')
     , ('2023-04-21 17:18:21.785762', '2023-04-21 17:18:21.785762', NULL, 708, 'folder-add', '/icon/twotone/folder-add.svg')
     , ('2023-04-21 17:18:21.785762', '2023-04-21 17:18:21.785762', NULL, 709, 'folder-open', '/icon/twotone/folder-open.svg')
     , ('2023-04-21 17:18:21.785762', '2023-04-21 17:18:21.785762', NULL, 710, 'folder', '/icon/twotone/folder.svg')
     , ('2023-04-21 17:18:21.785762', '2023-04-21 17:18:21.785762', NULL, 711, 'frown', '/icon/twotone/frown.svg')
     , ('2023-04-21 17:18:21.785762', '2023-04-21 17:18:21.785762', NULL, 712, 'fund', '/icon/twotone/fund.svg')
     , ('2023-04-21 17:18:21.785762', '2023-04-21 17:18:21.785762', NULL, 713, 'funnel-plot', '/icon/twotone/funnel-plot.svg')
     , ('2023-04-21 17:18:21.785762', '2023-04-21 17:18:21.785762', NULL, 714, 'gift', '/icon/twotone/gift.svg')
     , ('2023-04-21 17:18:21.785762', '2023-04-21 17:18:21.785762', NULL, 715, 'gold', '/icon/twotone/gold.svg')
     , ('2023-04-21 17:18:21.785762', '2023-04-21 17:18:21.785762', NULL, 716, 'hdd', '/icon/twotone/hdd.svg')
     , ('2023-04-21 17:18:21.785762', '2023-04-21 17:18:21.785762', NULL, 717, 'heart', '/icon/twotone/heart.svg')
     , ('2023-04-21 17:18:21.785762', '2023-04-21 17:18:21.785762', NULL, 718, 'highlight', '/icon/twotone/highlight.svg')
     , ('2023-04-21 17:18:21.785762', '2023-04-21 17:18:21.785762', NULL, 719, 'home', '/icon/twotone/home.svg')
     , ('2023-04-21 17:18:21.785762', '2023-04-21 17:18:21.785762', NULL, 720, 'hourglass', '/icon/twotone/hourglass.svg')
     , ('2023-04-21 17:18:21.785762', '2023-04-21 17:18:21.785762', NULL, 721, 'html5', '/icon/twotone/html5.svg')
     , ('2023-04-21 17:18:21.785762', '2023-04-21 17:18:21.785762', NULL, 722, 'idcard', '/icon/twotone/idcard.svg')
     , ('2023-04-21 17:18:21.785762', '2023-04-21 17:18:21.785762', NULL, 723, 'info-circle', '/icon/twotone/info-circle.svg')
     , ('2023-04-21 17:18:21.785762', '2023-04-21 17:18:21.785762', NULL, 724, 'insurance', '/icon/twotone/insurance.svg')
     , ('2023-04-21 17:18:21.785762', '2023-04-21 17:18:21.785762', NULL, 725, 'interaction', '/icon/twotone/interaction.svg')
     , ('2023-04-21 17:18:21.785762', '2023-04-21 17:18:21.785762', NULL, 726, 'layout', '/icon/twotone/layout.svg')
     , ('2023-04-21 17:18:21.785762', '2023-04-21 17:18:21.785762', NULL, 727, 'left-circle', '/icon/twotone/left-circle.svg')
     , ('2023-04-21 17:18:21.785762', '2023-04-21 17:18:21.785762', NULL, 728, 'left-square', '/icon/twotone/left-square.svg')
     , ('2023-04-21 17:18:21.785762', '2023-04-21 17:18:21.785762', NULL, 729, 'like', '/icon/twotone/like.svg')
     , ('2023-04-21 17:18:21.785762', '2023-04-21 17:18:21.785762', NULL, 730, 'lock', '/icon/twotone/lock.svg')
     , ('2023-04-21 17:18:21.785762', '2023-04-21 17:18:21.785762', NULL, 731, 'mail', '/icon/twotone/mail.svg')
     , ('2023-04-21 17:18:21.785762', '2023-04-21 17:18:21.785762', NULL, 732, 'medicine-box', '/icon/twotone/medicine-box.svg')
     , ('2023-04-21 17:18:21.785762', '2023-04-21 17:18:21.785762', NULL, 733, 'meh', '/icon/twotone/meh.svg')
     , ('2023-04-21 17:18:21.785762', '2023-04-21 17:18:21.785762', NULL, 734, 'message', '/icon/twotone/message.svg')
     , ('2023-04-21 17:18:21.785762', '2023-04-21 17:18:21.785762', NULL, 735, 'minus-circle', '/icon/twotone/minus-circle.svg')
     , ('2023-04-21 17:18:21.785762', '2023-04-21 17:18:21.785762', NULL, 736, 'minus-square', '/icon/twotone/minus-square.svg')
     , ('2023-04-21 17:18:21.785762', '2023-04-21 17:18:21.785762', NULL, 737, 'mobile', '/icon/twotone/mobile.svg')
     , ('2023-04-21 17:18:21.785762', '2023-04-21 17:18:21.785762', NULL, 738, 'money-collect', '/icon/twotone/money-collect.svg')
     , ('2023-04-21 17:18:21.785762', '2023-04-21 17:18:21.785762', NULL, 739, 'notification', '/icon/twotone/notification.svg')
     , ('2023-04-21 17:18:21.785762', '2023-04-21 17:18:21.785762', NULL, 740, 'pause-circle', '/icon/twotone/pause-circle.svg')
     , ('2023-04-21 17:18:21.785762', '2023-04-21 17:18:21.785762', NULL, 741, 'phone', '/icon/twotone/phone.svg')
     , ('2023-04-21 17:18:21.785762', '2023-04-21 17:18:21.785762', NULL, 742, 'picture', '/icon/twotone/picture.svg')
     , ('2023-04-21 17:18:21.785762', '2023-04-21 17:18:21.785762', NULL, 743, 'pie-chart', '/icon/twotone/pie-chart.svg')
     , ('2023-04-21 17:18:21.785762', '2023-04-21 17:18:21.785762', NULL, 744, 'play-circle', '/icon/twotone/play-circle.svg')
     , ('2023-04-21 17:18:21.785762', '2023-04-21 17:18:21.785762', NULL, 745, 'play-square', '/icon/twotone/play-square.svg')
     , ('2023-04-21 17:18:21.785762', '2023-04-21 17:18:21.785762', NULL, 746, 'plus-circle', '/icon/twotone/plus-circle.svg')
     , ('2023-04-21 17:18:21.785762', '2023-04-21 17:18:21.785762', NULL, 747, 'plus-square', '/icon/twotone/plus-square.svg')
     , ('2023-04-21 17:18:21.785762', '2023-04-21 17:18:21.785762', NULL, 748, 'pound-circle', '/icon/twotone/pound-circle.svg')
     , ('2023-04-21 17:18:21.785762', '2023-04-21 17:18:21.785762', NULL, 749, 'printer', '/icon/twotone/printer.svg')
     , ('2023-04-21 17:18:21.785762', '2023-04-21 17:18:21.785762', NULL, 750, 'profile', '/icon/twotone/profile.svg')
     , ('2023-04-21 17:18:21.785762', '2023-04-21 17:18:21.785762', NULL, 751, 'project', '/icon/twotone/project.svg')
     , ('2023-04-21 17:18:21.785762', '2023-04-21 17:18:21.785762', NULL, 752, 'property-safety', '/icon/twotone/property-safety.svg')
     , ('2023-04-21 17:18:21.785762', '2023-04-21 17:18:21.785762', NULL, 753, 'pushpin', '/icon/twotone/pushpin.svg')
     , ('2023-04-21 17:18:21.785762', '2023-04-21 17:18:21.785762', NULL, 754, 'question-circle', '/icon/twotone/question-circle.svg')
     , ('2023-04-21 17:18:21.785762', '2023-04-21 17:18:21.785762', NULL, 755, 'reconciliation', '/icon/twotone/reconciliation.svg')
     , ('2023-04-21 17:18:21.785762', '2023-04-21 17:18:21.785762', NULL, 756, 'red-envelope', '/icon/twotone/red-envelope.svg')
     , ('2023-04-21 17:18:21.785762', '2023-04-21 17:18:21.785762', NULL, 757, 'rest', '/icon/twotone/rest.svg')
     , ('2023-04-21 17:18:21.785762', '2023-04-21 17:18:21.785762', NULL, 758, 'right-circle', '/icon/twotone/right-circle.svg')
     , ('2023-04-21 17:18:21.785762', '2023-04-21 17:18:21.785762', NULL, 759, 'right-square', '/icon/twotone/right-square.svg')
     , ('2023-04-21 17:18:21.785762', '2023-04-21 17:18:21.785762', NULL, 760, 'rocket', '/icon/twotone/rocket.svg')
     , ('2023-04-21 17:18:21.785762', '2023-04-21 17:18:21.785762', NULL, 761, 'safety-certificate', '/icon/twotone/safety-certificate.svg')
     , ('2023-04-21 17:18:21.785762', '2023-04-21 17:18:21.785762', NULL, 762, 'save', '/icon/twotone/save.svg')
     , ('2023-04-21 17:18:21.785762', '2023-04-21 17:18:21.785762', NULL, 763, 'schedule', '/icon/twotone/schedule.svg')
     , ('2023-04-21 17:18:21.785762', '2023-04-21 17:18:21.785762', NULL, 764, 'security-scan', '/icon/twotone/security-scan.svg')
     , ('2023-04-21 17:18:21.785762', '2023-04-21 17:18:21.785762', NULL, 765, 'setting', '/icon/twotone/setting.svg')
     , ('2023-04-21 17:18:21.785762', '2023-04-21 17:18:21.785762', NULL, 766, 'shop', '/icon/twotone/shop.svg')
     , ('2023-04-21 17:18:21.785762', '2023-04-21 17:18:21.785762', NULL, 767, 'shopping', '/icon/twotone/shopping.svg')
     , ('2023-04-21 17:18:21.785762', '2023-04-21 17:18:21.785762', NULL, 768, 'skin', '/icon/twotone/skin.svg')
     , ('2023-04-21 17:18:21.785762', '2023-04-21 17:18:21.785762', NULL, 769, 'sliders', '/icon/twotone/sliders.svg')
     , ('2023-04-21 17:18:21.785762', '2023-04-21 17:18:21.785762', NULL, 770, 'smile', '/icon/twotone/smile.svg')
     , ('2023-04-21 17:18:21.785762', '2023-04-21 17:18:21.785762', NULL, 771, 'snippets', '/icon/twotone/snippets.svg')
     , ('2023-04-21 17:18:21.785762', '2023-04-21 17:18:21.785762', NULL, 772, 'sound', '/icon/twotone/sound.svg')
     , ('2023-04-21 17:18:21.785762', '2023-04-21 17:18:21.785762', NULL, 773, 'star', '/icon/twotone/star.svg')
     , ('2023-04-21 17:18:21.785762', '2023-04-21 17:18:21.785762', NULL, 774, 'stop', '/icon/twotone/stop.svg')
     , ('2023-04-21 17:18:21.785762', '2023-04-21 17:18:21.785762', NULL, 775, 'switcher', '/icon/twotone/switcher.svg')
     , ('2023-04-21 17:18:21.785762', '2023-04-21 17:18:21.785762', NULL, 776, 'tablet', '/icon/twotone/tablet.svg')
     , ('2023-04-21 17:18:21.785762', '2023-04-21 17:18:21.785762', NULL, 777, 'tag', '/icon/twotone/tag.svg')
     , ('2023-04-21 17:18:21.785762', '2023-04-21 17:18:21.785762', NULL, 778, 'tags', '/icon/twotone/tags.svg')
     , ('2023-04-21 17:18:21.785762', '2023-04-21 17:18:21.785762', NULL, 779, 'thunderbolt', '/icon/twotone/thunderbolt.svg')
     , ('2023-04-21 17:18:21.785762', '2023-04-21 17:18:21.785762', NULL, 780, 'tool', '/icon/twotone/tool.svg')
     , ('2023-04-21 17:18:21.785762', '2023-04-21 17:18:21.785762', NULL, 781, 'trademark-circle', '/icon/twotone/trademark-circle.svg')
     , ('2023-04-21 17:18:21.785762', '2023-04-21 17:18:21.785762', NULL, 782, 'trophy', '/icon/twotone/trophy.svg')
     , ('2023-04-21 17:18:21.785762', '2023-04-21 17:18:21.785762', NULL, 783, 'unlock', '/icon/twotone/unlock.svg')
     , ('2023-04-21 17:18:21.785762', '2023-04-21 17:18:21.785762', NULL, 784, 'up-circle', '/icon/twotone/up-circle.svg')
     , ('2023-04-21 17:18:21.785762', '2023-04-21 17:18:21.785762', NULL, 785, 'up-square', '/icon/twotone/up-square.svg')
     , ('2023-04-21 17:18:21.785762', '2023-04-21 17:18:21.785762', NULL, 786, 'usb', '/icon/twotone/usb.svg')
     , ('2023-04-21 17:18:21.785762', '2023-04-21 17:18:21.785762', NULL, 787, 'video-camera', '/icon/twotone/video-camera.svg')
     , ('2023-04-21 17:18:21.785762', '2023-04-21 17:18:21.785762', NULL, 788, 'wallet', '/icon/twotone/wallet.svg')
     , ('2023-04-21 17:18:21.785762', '2023-04-21 17:18:21.785762', NULL, 789, 'warning', '/icon/twotone/warning.svg');

# icon_icon_group_map
INSERT INTO framework.icon_icon_group_map (created_at, updated_at, `desc`, icon_seq_no, icon_group_seq_no)
VALUES ('2023-04-21 17:18:22.196301', '2023-04-21 17:18:22.196301', NULL, 1, 1)
     , ('2023-04-21 17:18:22.196301', '2023-04-21 17:18:22.196301', NULL, 2, 1)
     , ('2023-04-21 17:18:22.196301', '2023-04-21 17:18:22.196301', NULL, 3, 1)
     , ('2023-04-21 17:18:22.196301', '2023-04-21 17:18:22.196301', NULL, 4, 1)
     , ('2023-04-21 17:18:22.196301', '2023-04-21 17:18:22.196301', NULL, 5, 1)
     , ('2023-04-21 17:18:22.196301', '2023-04-21 17:18:22.196301', NULL, 6, 1)
     , ('2023-04-21 17:18:22.196301', '2023-04-21 17:18:22.196301', NULL, 7, 1)
     , ('2023-04-21 17:18:22.196301', '2023-04-21 17:18:22.196301', NULL, 8, 1)
     , ('2023-04-21 17:18:22.196301', '2023-04-21 17:18:22.196301', NULL, 9, 1)
     , ('2023-04-21 17:18:22.196301', '2023-04-21 17:18:22.196301', NULL, 10, 1)
     , ('2023-04-21 17:18:22.196301', '2023-04-21 17:18:22.196301', NULL, 11, 1)
     , ('2023-04-21 17:18:22.196301', '2023-04-21 17:18:22.196301', NULL, 12, 1)
     , ('2023-04-21 17:18:22.196301', '2023-04-21 17:18:22.196301', NULL, 13, 1)
     , ('2023-04-21 17:18:22.196301', '2023-04-21 17:18:22.196301', NULL, 14, 1)
     , ('2023-04-21 17:18:22.196301', '2023-04-21 17:18:22.196301', NULL, 15, 1)
     , ('2023-04-21 17:18:22.196301', '2023-04-21 17:18:22.196301', NULL, 16, 1)
     , ('2023-04-21 17:18:22.196301', '2023-04-21 17:18:22.196301', NULL, 17, 1)
     , ('2023-04-21 17:18:22.196301', '2023-04-21 17:18:22.196301', NULL, 18, 1)
     , ('2023-04-21 17:18:22.196301', '2023-04-21 17:18:22.196301', NULL, 19, 1)
     , ('2023-04-21 17:18:22.196301', '2023-04-21 17:18:22.196301', NULL, 20, 1)
     , ('2023-04-21 17:18:22.196301', '2023-04-21 17:18:22.196301', NULL, 21, 1)
     , ('2023-04-21 17:18:22.196301', '2023-04-21 17:18:22.196301', NULL, 22, 1)
     , ('2023-04-21 17:18:22.196301', '2023-04-21 17:18:22.196301', NULL, 23, 1)
     , ('2023-04-21 17:18:22.196301', '2023-04-21 17:18:22.196301', NULL, 24, 1)
     , ('2023-04-21 17:18:22.196301', '2023-04-21 17:18:22.196301', NULL, 25, 1)
     , ('2023-04-21 17:18:22.196301', '2023-04-21 17:18:22.196301', NULL, 26, 1)
     , ('2023-04-21 17:18:22.196301', '2023-04-21 17:18:22.196301', NULL, 27, 1)
     , ('2023-04-21 17:18:22.196301', '2023-04-21 17:18:22.196301', NULL, 28, 1)
     , ('2023-04-21 17:18:22.196301', '2023-04-21 17:18:22.196301', NULL, 29, 1)
     , ('2023-04-21 17:18:22.196301', '2023-04-21 17:18:22.196301', NULL, 30, 1)
     , ('2023-04-21 17:18:22.196301', '2023-04-21 17:18:22.196301', NULL, 31, 1)
     , ('2023-04-21 17:18:22.196301', '2023-04-21 17:18:22.196301', NULL, 32, 1)
     , ('2023-04-21 17:18:22.196301', '2023-04-21 17:18:22.196301', NULL, 33, 1)
     , ('2023-04-21 17:18:22.196301', '2023-04-21 17:18:22.196301', NULL, 34, 1)
     , ('2023-04-21 17:18:22.196301', '2023-04-21 17:18:22.196301', NULL, 35, 1)
     , ('2023-04-21 17:18:22.196301', '2023-04-21 17:18:22.196301', NULL, 36, 1)
     , ('2023-04-21 17:18:22.196301', '2023-04-21 17:18:22.196301', NULL, 37, 1)
     , ('2023-04-21 17:18:22.196301', '2023-04-21 17:18:22.196301', NULL, 38, 1)
     , ('2023-04-21 17:18:22.196301', '2023-04-21 17:18:22.196301', NULL, 39, 1)
     , ('2023-04-21 17:18:22.196301', '2023-04-21 17:18:22.196301', NULL, 40, 1)
     , ('2023-04-21 17:18:22.196301', '2023-04-21 17:18:22.196301', NULL, 41, 1)
     , ('2023-04-21 17:18:22.196301', '2023-04-21 17:18:22.196301', NULL, 42, 1)
     , ('2023-04-21 17:18:22.196301', '2023-04-21 17:18:22.196301', NULL, 43, 1)
     , ('2023-04-21 17:18:22.196301', '2023-04-21 17:18:22.196301', NULL, 44, 1)
     , ('2023-04-21 17:18:22.196301', '2023-04-21 17:18:22.196301', NULL, 45, 1)
     , ('2023-04-21 17:18:22.196301', '2023-04-21 17:18:22.196301', NULL, 46, 1)
     , ('2023-04-21 17:18:22.196301', '2023-04-21 17:18:22.196301', NULL, 47, 1)
     , ('2023-04-21 17:18:22.196301', '2023-04-21 17:18:22.196301', NULL, 48, 1)
     , ('2023-04-21 17:18:22.196301', '2023-04-21 17:18:22.196301', NULL, 49, 1)
     , ('2023-04-21 17:18:22.196301', '2023-04-21 17:18:22.196301', NULL, 50, 1)
     , ('2023-04-21 17:18:22.196301', '2023-04-21 17:18:22.196301', NULL, 51, 1)
     , ('2023-04-21 17:18:22.196301', '2023-04-21 17:18:22.196301', NULL, 52, 1)
     , ('2023-04-21 17:18:22.196301', '2023-04-21 17:18:22.196301', NULL, 53, 1)
     , ('2023-04-21 17:18:22.196301', '2023-04-21 17:18:22.196301', NULL, 54, 1)
     , ('2023-04-21 17:18:22.196301', '2023-04-21 17:18:22.196301', NULL, 55, 1)
     , ('2023-04-21 17:18:22.196301', '2023-04-21 17:18:22.196301', NULL, 56, 1)
     , ('2023-04-21 17:18:22.196301', '2023-04-21 17:18:22.196301', NULL, 57, 1)
     , ('2023-04-21 17:18:22.196301', '2023-04-21 17:18:22.196301', NULL, 58, 1)
     , ('2023-04-21 17:18:22.196301', '2023-04-21 17:18:22.196301', NULL, 59, 1)
     , ('2023-04-21 17:18:22.196301', '2023-04-21 17:18:22.196301', NULL, 60, 1)
     , ('2023-04-21 17:18:22.196301', '2023-04-21 17:18:22.196301', NULL, 61, 1)
     , ('2023-04-21 17:18:22.196301', '2023-04-21 17:18:22.196301', NULL, 62, 1)
     , ('2023-04-21 17:18:22.196301', '2023-04-21 17:18:22.196301', NULL, 63, 1)
     , ('2023-04-21 17:18:22.196301', '2023-04-21 17:18:22.196301', NULL, 64, 1)
     , ('2023-04-21 17:18:22.196301', '2023-04-21 17:18:22.196301', NULL, 65, 1)
     , ('2023-04-21 17:18:22.196301', '2023-04-21 17:18:22.196301', NULL, 66, 1)
     , ('2023-04-21 17:18:22.196301', '2023-04-21 17:18:22.196301', NULL, 67, 1)
     , ('2023-04-21 17:18:22.196301', '2023-04-21 17:18:22.196301', NULL, 68, 1)
     , ('2023-04-21 17:18:22.196301', '2023-04-21 17:18:22.196301', NULL, 69, 1)
     , ('2023-04-21 17:18:22.196301', '2023-04-21 17:18:22.196301', NULL, 70, 1)
     , ('2023-04-21 17:18:22.196301', '2023-04-21 17:18:22.196301', NULL, 71, 1)
     , ('2023-04-21 17:18:22.196301', '2023-04-21 17:18:22.196301', NULL, 72, 1)
     , ('2023-04-21 17:18:22.196301', '2023-04-21 17:18:22.196301', NULL, 73, 1)
     , ('2023-04-21 17:18:22.196301', '2023-04-21 17:18:22.196301', NULL, 74, 1)
     , ('2023-04-21 17:18:22.196301', '2023-04-21 17:18:22.196301', NULL, 75, 1)
     , ('2023-04-21 17:18:22.196301', '2023-04-21 17:18:22.196301', NULL, 76, 1)
     , ('2023-04-21 17:18:22.196301', '2023-04-21 17:18:22.196301', NULL, 77, 1)
     , ('2023-04-21 17:18:22.196301', '2023-04-21 17:18:22.196301', NULL, 78, 1)
     , ('2023-04-21 17:18:22.196301', '2023-04-21 17:18:22.196301', NULL, 79, 1)
     , ('2023-04-21 17:18:22.196301', '2023-04-21 17:18:22.196301', NULL, 80, 1)
     , ('2023-04-21 17:18:22.196301', '2023-04-21 17:18:22.196301', NULL, 81, 1)
     , ('2023-04-21 17:18:22.196301', '2023-04-21 17:18:22.196301', NULL, 82, 1)
     , ('2023-04-21 17:18:22.196301', '2023-04-21 17:18:22.196301', NULL, 83, 1)
     , ('2023-04-21 17:18:22.196301', '2023-04-21 17:18:22.196301', NULL, 84, 1)
     , ('2023-04-21 17:18:22.196301', '2023-04-21 17:18:22.196301', NULL, 85, 1)
     , ('2023-04-21 17:18:22.196301', '2023-04-21 17:18:22.196301', NULL, 86, 1)
     , ('2023-04-21 17:18:22.196301', '2023-04-21 17:18:22.196301', NULL, 87, 1)
     , ('2023-04-21 17:18:22.196301', '2023-04-21 17:18:22.196301', NULL, 88, 1)
     , ('2023-04-21 17:18:22.196301', '2023-04-21 17:18:22.196301', NULL, 89, 1)
     , ('2023-04-21 17:18:22.196301', '2023-04-21 17:18:22.196301', NULL, 90, 1)
     , ('2023-04-21 17:18:22.196301', '2023-04-21 17:18:22.196301', NULL, 91, 1)
     , ('2023-04-21 17:18:22.196301', '2023-04-21 17:18:22.196301', NULL, 92, 1)
     , ('2023-04-21 17:18:22.196301', '2023-04-21 17:18:22.196301', NULL, 93, 1)
     , ('2023-04-21 17:18:22.196301', '2023-04-21 17:18:22.196301', NULL, 94, 1)
     , ('2023-04-21 17:18:22.196301', '2023-04-21 17:18:22.196301', NULL, 95, 1)
     , ('2023-04-21 17:18:22.196301', '2023-04-21 17:18:22.196301', NULL, 96, 1)
     , ('2023-04-21 17:18:22.196301', '2023-04-21 17:18:22.196301', NULL, 97, 1)
     , ('2023-04-21 17:18:22.196301', '2023-04-21 17:18:22.196301', NULL, 98, 1)
     , ('2023-04-21 17:18:22.196301', '2023-04-21 17:18:22.196301', NULL, 99, 1)
     , ('2023-04-21 17:18:22.196301', '2023-04-21 17:18:22.196301', NULL, 100, 1)
     , ('2023-04-21 17:18:22.196301', '2023-04-21 17:18:22.196301', NULL, 101, 1)
     , ('2023-04-21 17:18:22.196301', '2023-04-21 17:18:22.196301', NULL, 102, 1)
     , ('2023-04-21 17:18:22.196301', '2023-04-21 17:18:22.196301', NULL, 103, 1)
     , ('2023-04-21 17:18:22.196301', '2023-04-21 17:18:22.196301', NULL, 104, 1)
     , ('2023-04-21 17:18:22.196301', '2023-04-21 17:18:22.196301', NULL, 105, 1)
     , ('2023-04-21 17:18:22.196301', '2023-04-21 17:18:22.196301', NULL, 106, 1)
     , ('2023-04-21 17:18:22.196301', '2023-04-21 17:18:22.196301', NULL, 107, 1)
     , ('2023-04-21 17:18:22.196301', '2023-04-21 17:18:22.196301', NULL, 108, 1)
     , ('2023-04-21 17:18:22.196301', '2023-04-21 17:18:22.196301', NULL, 109, 1)
     , ('2023-04-21 17:18:22.196301', '2023-04-21 17:18:22.196301', NULL, 110, 1)
     , ('2023-04-21 17:18:22.196301', '2023-04-21 17:18:22.196301', NULL, 111, 1)
     , ('2023-04-21 17:18:22.196301', '2023-04-21 17:18:22.196301', NULL, 112, 1)
     , ('2023-04-21 17:18:22.196301', '2023-04-21 17:18:22.196301', NULL, 113, 1)
     , ('2023-04-21 17:18:22.196301', '2023-04-21 17:18:22.196301', NULL, 114, 1)
     , ('2023-04-21 17:18:22.196301', '2023-04-21 17:18:22.196301', NULL, 115, 1)
     , ('2023-04-21 17:18:22.196301', '2023-04-21 17:18:22.196301', NULL, 116, 1)
     , ('2023-04-21 17:18:22.196301', '2023-04-21 17:18:22.196301', NULL, 117, 1)
     , ('2023-04-21 17:18:22.196301', '2023-04-21 17:18:22.196301', NULL, 118, 1)
     , ('2023-04-21 17:18:22.196301', '2023-04-21 17:18:22.196301', NULL, 119, 1)
     , ('2023-04-21 17:18:22.196301', '2023-04-21 17:18:22.196301', NULL, 120, 1)
     , ('2023-04-21 17:18:22.196301', '2023-04-21 17:18:22.196301', NULL, 121, 1)
     , ('2023-04-21 17:18:22.196301', '2023-04-21 17:18:22.196301', NULL, 122, 1)
     , ('2023-04-21 17:18:22.196301', '2023-04-21 17:18:22.196301', NULL, 123, 1)
     , ('2023-04-21 17:18:22.196301', '2023-04-21 17:18:22.196301', NULL, 124, 1)
     , ('2023-04-21 17:18:22.196301', '2023-04-21 17:18:22.196301', NULL, 125, 1)
     , ('2023-04-21 17:18:22.196301', '2023-04-21 17:18:22.196301', NULL, 126, 1)
     , ('2023-04-21 17:18:22.196301', '2023-04-21 17:18:22.196301', NULL, 127, 1)
     , ('2023-04-21 17:18:22.196301', '2023-04-21 17:18:22.196301', NULL, 128, 1)
     , ('2023-04-21 17:18:22.196301', '2023-04-21 17:18:22.196301', NULL, 129, 1)
     , ('2023-04-21 17:18:22.196301', '2023-04-21 17:18:22.196301', NULL, 130, 1)
     , ('2023-04-21 17:18:22.196301', '2023-04-21 17:18:22.196301', NULL, 131, 1)
     , ('2023-04-21 17:18:22.196301', '2023-04-21 17:18:22.196301', NULL, 132, 1)
     , ('2023-04-21 17:18:22.196301', '2023-04-21 17:18:22.196301', NULL, 133, 1)
     , ('2023-04-21 17:18:22.196301', '2023-04-21 17:18:22.196301', NULL, 134, 1)
     , ('2023-04-21 17:18:22.196301', '2023-04-21 17:18:22.196301', NULL, 135, 1)
     , ('2023-04-21 17:18:22.196301', '2023-04-21 17:18:22.196301', NULL, 136, 1)
     , ('2023-04-21 17:18:22.196301', '2023-04-21 17:18:22.196301', NULL, 137, 1)
     , ('2023-04-21 17:18:22.196301', '2023-04-21 17:18:22.196301', NULL, 138, 1)
     , ('2023-04-21 17:18:22.196301', '2023-04-21 17:18:22.196301', NULL, 139, 1)
     , ('2023-04-21 17:18:22.196301', '2023-04-21 17:18:22.196301', NULL, 140, 1)
     , ('2023-04-21 17:18:22.196301', '2023-04-21 17:18:22.196301', NULL, 141, 1)
     , ('2023-04-21 17:18:22.196301', '2023-04-21 17:18:22.196301', NULL, 142, 1)
     , ('2023-04-21 17:18:22.196301', '2023-04-21 17:18:22.196301', NULL, 143, 1)
     , ('2023-04-21 17:18:22.196301', '2023-04-21 17:18:22.196301', NULL, 144, 1)
     , ('2023-04-21 17:18:22.196301', '2023-04-21 17:18:22.196301', NULL, 145, 1)
     , ('2023-04-21 17:18:22.196301', '2023-04-21 17:18:22.196301', NULL, 146, 1)
     , ('2023-04-21 17:18:22.196301', '2023-04-21 17:18:22.196301', NULL, 147, 1)
     , ('2023-04-21 17:18:22.196301', '2023-04-21 17:18:22.196301', NULL, 148, 1)
     , ('2023-04-21 17:18:22.196301', '2023-04-21 17:18:22.196301', NULL, 149, 1)
     , ('2023-04-21 17:18:22.196301', '2023-04-21 17:18:22.196301', NULL, 150, 1)
     , ('2023-04-21 17:18:22.196301', '2023-04-21 17:18:22.196301', NULL, 151, 1)
     , ('2023-04-21 17:18:22.196301', '2023-04-21 17:18:22.196301', NULL, 152, 1)
     , ('2023-04-21 17:18:22.196301', '2023-04-21 17:18:22.196301', NULL, 153, 1)
     , ('2023-04-21 17:18:22.196301', '2023-04-21 17:18:22.196301', NULL, 154, 1)
     , ('2023-04-21 17:18:22.196301', '2023-04-21 17:18:22.196301', NULL, 155, 1)
     , ('2023-04-21 17:18:22.196301', '2023-04-21 17:18:22.196301', NULL, 156, 1)
     , ('2023-04-21 17:18:22.196301', '2023-04-21 17:18:22.196301', NULL, 157, 1)
     , ('2023-04-21 17:18:22.196301', '2023-04-21 17:18:22.196301', NULL, 158, 1)
     , ('2023-04-21 17:18:22.196301', '2023-04-21 17:18:22.196301', NULL, 159, 1)
     , ('2023-04-21 17:18:22.196301', '2023-04-21 17:18:22.196301', NULL, 160, 1)
     , ('2023-04-21 17:18:22.196301', '2023-04-21 17:18:22.196301', NULL, 161, 1)
     , ('2023-04-21 17:18:22.196301', '2023-04-21 17:18:22.196301', NULL, 162, 1)
     , ('2023-04-21 17:18:22.196301', '2023-04-21 17:18:22.196301', NULL, 163, 1)
     , ('2023-04-21 17:18:22.196301', '2023-04-21 17:18:22.196301', NULL, 164, 1)
     , ('2023-04-21 17:18:22.196301', '2023-04-21 17:18:22.196301', NULL, 165, 1)
     , ('2023-04-21 17:18:22.196301', '2023-04-21 17:18:22.196301', NULL, 166, 1)
     , ('2023-04-21 17:18:22.196301', '2023-04-21 17:18:22.196301', NULL, 167, 1)
     , ('2023-04-21 17:18:22.196301', '2023-04-21 17:18:22.196301', NULL, 168, 1)
     , ('2023-04-21 17:18:22.196301', '2023-04-21 17:18:22.196301', NULL, 169, 1)
     , ('2023-04-21 17:18:22.196301', '2023-04-21 17:18:22.196301', NULL, 170, 1)
     , ('2023-04-21 17:18:22.196301', '2023-04-21 17:18:22.196301', NULL, 171, 1)
     , ('2023-04-21 17:18:22.196301', '2023-04-21 17:18:22.196301', NULL, 172, 1)
     , ('2023-04-21 17:18:22.196301', '2023-04-21 17:18:22.196301', NULL, 173, 1)
     , ('2023-04-21 17:18:22.196301', '2023-04-21 17:18:22.196301', NULL, 174, 1)
     , ('2023-04-21 17:18:22.196301', '2023-04-21 17:18:22.196301', NULL, 175, 1)
     , ('2023-04-21 17:18:22.196301', '2023-04-21 17:18:22.196301', NULL, 176, 1)
     , ('2023-04-21 17:18:22.196301', '2023-04-21 17:18:22.196301', NULL, 177, 1)
     , ('2023-04-21 17:18:22.196301', '2023-04-21 17:18:22.196301', NULL, 178, 1)
     , ('2023-04-21 17:18:22.196301', '2023-04-21 17:18:22.196301', NULL, 179, 1)
     , ('2023-04-21 17:18:22.196301', '2023-04-21 17:18:22.196301', NULL, 180, 1)
     , ('2023-04-21 17:18:22.196301', '2023-04-21 17:18:22.196301', NULL, 181, 1)
     , ('2023-04-21 17:18:22.196301', '2023-04-21 17:18:22.196301', NULL, 182, 1)
     , ('2023-04-21 17:18:22.196301', '2023-04-21 17:18:22.196301', NULL, 183, 1)
     , ('2023-04-21 17:18:22.196301', '2023-04-21 17:18:22.196301', NULL, 184, 1)
     , ('2023-04-21 17:18:22.196301', '2023-04-21 17:18:22.196301', NULL, 185, 1)
     , ('2023-04-21 17:18:22.196301', '2023-04-21 17:18:22.196301', NULL, 186, 1)
     , ('2023-04-21 17:18:22.196301', '2023-04-21 17:18:22.196301', NULL, 187, 1)
     , ('2023-04-21 17:18:22.196301', '2023-04-21 17:18:22.196301', NULL, 188, 1)
     , ('2023-04-21 17:18:22.196301', '2023-04-21 17:18:22.196301', NULL, 189, 1)
     , ('2023-04-21 17:18:22.196301', '2023-04-21 17:18:22.196301', NULL, 190, 1)
     , ('2023-04-21 17:18:22.196301', '2023-04-21 17:18:22.196301', NULL, 191, 1)
     , ('2023-04-21 17:18:22.196301', '2023-04-21 17:18:22.196301', NULL, 192, 1)
     , ('2023-04-21 17:18:22.196301', '2023-04-21 17:18:22.196301', NULL, 193, 1)
     , ('2023-04-21 17:18:22.196301', '2023-04-21 17:18:22.196301', NULL, 194, 1)
     , ('2023-04-21 17:18:22.196301', '2023-04-21 17:18:22.196301', NULL, 195, 1)
     , ('2023-04-21 17:18:22.196301', '2023-04-21 17:18:22.196301', NULL, 196, 1)
     , ('2023-04-21 17:18:22.196301', '2023-04-21 17:18:22.196301', NULL, 197, 1)
     , ('2023-04-21 17:18:22.196301', '2023-04-21 17:18:22.196301', NULL, 198, 1)
     , ('2023-04-21 17:18:22.196301', '2023-04-21 17:18:22.196301', NULL, 199, 1)
     , ('2023-04-21 17:18:22.196301', '2023-04-21 17:18:22.196301', NULL, 200, 1)
     , ('2023-04-21 17:18:22.196301', '2023-04-21 17:18:22.196301', NULL, 201, 1)
     , ('2023-04-21 17:18:22.196301', '2023-04-21 17:18:22.196301', NULL, 202, 1)
     , ('2023-04-21 17:18:22.196301', '2023-04-21 17:18:22.196301', NULL, 203, 1)
     , ('2023-04-21 17:18:22.196301', '2023-04-21 17:18:22.196301', NULL, 204, 1)
     , ('2023-04-21 17:18:22.196301', '2023-04-21 17:18:22.196301', NULL, 205, 1)
     , ('2023-04-21 17:18:22.196301', '2023-04-21 17:18:22.196301', NULL, 206, 1)
     , ('2023-04-21 17:18:22.196301', '2023-04-21 17:18:22.196301', NULL, 207, 1)
     , ('2023-04-21 17:18:22.196301', '2023-04-21 17:18:22.196301', NULL, 208, 1)
     , ('2023-04-21 17:18:22.196301', '2023-04-21 17:18:22.196301', NULL, 209, 1)
     , ('2023-04-21 17:18:22.196301', '2023-04-21 17:18:22.196301', NULL, 210, 1)
     , ('2023-04-21 17:18:22.196301', '2023-04-21 17:18:22.196301', NULL, 211, 1)
     , ('2023-04-21 17:18:22.196301', '2023-04-21 17:18:22.196301', NULL, 212, 1)
     , ('2023-04-21 17:18:22.196301', '2023-04-21 17:18:22.196301', NULL, 213, 1)
     , ('2023-04-21 17:18:22.196301', '2023-04-21 17:18:22.196301', NULL, 214, 1)
     , ('2023-04-21 17:18:22.196301', '2023-04-21 17:18:22.196301', NULL, 215, 1)
     , ('2023-04-21 17:18:22.196301', '2023-04-21 17:18:22.196301', NULL, 216, 1)
     , ('2023-04-21 17:18:22.196301', '2023-04-21 17:18:22.196301', NULL, 217, 1)
     , ('2023-04-21 17:18:22.196301', '2023-04-21 17:18:22.196301', NULL, 218, 1)
     , ('2023-04-21 17:18:22.196301', '2023-04-21 17:18:22.196301', NULL, 219, 2)
     , ('2023-04-21 17:18:22.196301', '2023-04-21 17:18:22.196301', NULL, 220, 2)
     , ('2023-04-21 17:18:22.196301', '2023-04-21 17:18:22.196301', NULL, 221, 2)
     , ('2023-04-21 17:18:22.196301', '2023-04-21 17:18:22.196301', NULL, 222, 2)
     , ('2023-04-21 17:18:22.196301', '2023-04-21 17:18:22.196301', NULL, 223, 2)
     , ('2023-04-21 17:18:22.196301', '2023-04-21 17:18:22.196301', NULL, 224, 2)
     , ('2023-04-21 17:18:22.196301', '2023-04-21 17:18:22.196301', NULL, 225, 2)
     , ('2023-04-21 17:18:22.196301', '2023-04-21 17:18:22.196301', NULL, 226, 2)
     , ('2023-04-21 17:18:22.196301', '2023-04-21 17:18:22.196301', NULL, 227, 2)
     , ('2023-04-21 17:18:22.196301', '2023-04-21 17:18:22.196301', NULL, 228, 2)
     , ('2023-04-21 17:18:22.196301', '2023-04-21 17:18:22.196301', NULL, 229, 2)
     , ('2023-04-21 17:18:22.196301', '2023-04-21 17:18:22.196301', NULL, 230, 2)
     , ('2023-04-21 17:18:22.196301', '2023-04-21 17:18:22.196301', NULL, 231, 2)
     , ('2023-04-21 17:18:22.196301', '2023-04-21 17:18:22.196301', NULL, 232, 2)
     , ('2023-04-21 17:18:22.196301', '2023-04-21 17:18:22.196301', NULL, 233, 2)
     , ('2023-04-21 17:18:22.196301', '2023-04-21 17:18:22.196301', NULL, 234, 2)
     , ('2023-04-21 17:18:22.196301', '2023-04-21 17:18:22.196301', NULL, 235, 2)
     , ('2023-04-21 17:18:22.196301', '2023-04-21 17:18:22.196301', NULL, 236, 2)
     , ('2023-04-21 17:18:22.196301', '2023-04-21 17:18:22.196301', NULL, 237, 2)
     , ('2023-04-21 17:18:22.196301', '2023-04-21 17:18:22.196301', NULL, 238, 2)
     , ('2023-04-21 17:18:22.196301', '2023-04-21 17:18:22.196301', NULL, 239, 2)
     , ('2023-04-21 17:18:22.196301', '2023-04-21 17:18:22.196301', NULL, 240, 2)
     , ('2023-04-21 17:18:22.196301', '2023-04-21 17:18:22.196301', NULL, 241, 2)
     , ('2023-04-21 17:18:22.196301', '2023-04-21 17:18:22.196301', NULL, 242, 2)
     , ('2023-04-21 17:18:22.196301', '2023-04-21 17:18:22.196301', NULL, 243, 2)
     , ('2023-04-21 17:18:22.196301', '2023-04-21 17:18:22.196301', NULL, 244, 2)
     , ('2023-04-21 17:18:22.196301', '2023-04-21 17:18:22.196301', NULL, 245, 2)
     , ('2023-04-21 17:18:22.196301', '2023-04-21 17:18:22.196301', NULL, 246, 2)
     , ('2023-04-21 17:18:22.196301', '2023-04-21 17:18:22.196301', NULL, 247, 2)
     , ('2023-04-21 17:18:22.196301', '2023-04-21 17:18:22.196301', NULL, 248, 2)
     , ('2023-04-21 17:18:22.196301', '2023-04-21 17:18:22.196301', NULL, 249, 2)
     , ('2023-04-21 17:18:22.196301', '2023-04-21 17:18:22.196301', NULL, 250, 2)
     , ('2023-04-21 17:18:22.196301', '2023-04-21 17:18:22.196301', NULL, 251, 2)
     , ('2023-04-21 17:18:22.196301', '2023-04-21 17:18:22.196301', NULL, 252, 2)
     , ('2023-04-21 17:18:22.196301', '2023-04-21 17:18:22.196301', NULL, 253, 2)
     , ('2023-04-21 17:18:22.196301', '2023-04-21 17:18:22.196301', NULL, 254, 2)
     , ('2023-04-21 17:18:22.196301', '2023-04-21 17:18:22.196301', NULL, 255, 2)
     , ('2023-04-21 17:18:22.196301', '2023-04-21 17:18:22.196301', NULL, 256, 2)
     , ('2023-04-21 17:18:22.196301', '2023-04-21 17:18:22.196301', NULL, 257, 2)
     , ('2023-04-21 17:18:22.196301', '2023-04-21 17:18:22.196301', NULL, 258, 2)
     , ('2023-04-21 17:18:22.196301', '2023-04-21 17:18:22.196301', NULL, 259, 2)
     , ('2023-04-21 17:18:22.196301', '2023-04-21 17:18:22.196301', NULL, 260, 2)
     , ('2023-04-21 17:18:22.196301', '2023-04-21 17:18:22.196301', NULL, 261, 2)
     , ('2023-04-21 17:18:22.196301', '2023-04-21 17:18:22.196301', NULL, 262, 2)
     , ('2023-04-21 17:18:22.196301', '2023-04-21 17:18:22.196301', NULL, 263, 2)
     , ('2023-04-21 17:18:22.196301', '2023-04-21 17:18:22.196301', NULL, 264, 2)
     , ('2023-04-21 17:18:22.196301', '2023-04-21 17:18:22.196301', NULL, 265, 2)
     , ('2023-04-21 17:18:22.196301', '2023-04-21 17:18:22.196301', NULL, 266, 2)
     , ('2023-04-21 17:18:22.196301', '2023-04-21 17:18:22.196301', NULL, 267, 2)
     , ('2023-04-21 17:18:22.196301', '2023-04-21 17:18:22.196301', NULL, 268, 2)
     , ('2023-04-21 17:18:22.196301', '2023-04-21 17:18:22.196301', NULL, 269, 2)
     , ('2023-04-21 17:18:22.196301', '2023-04-21 17:18:22.196301', NULL, 270, 2)
     , ('2023-04-21 17:18:22.196301', '2023-04-21 17:18:22.196301', NULL, 271, 2)
     , ('2023-04-21 17:18:22.196301', '2023-04-21 17:18:22.196301', NULL, 272, 2)
     , ('2023-04-21 17:18:22.196301', '2023-04-21 17:18:22.196301', NULL, 273, 2)
     , ('2023-04-21 17:18:22.196301', '2023-04-21 17:18:22.196301', NULL, 274, 2)
     , ('2023-04-21 17:18:22.196301', '2023-04-21 17:18:22.196301', NULL, 275, 2)
     , ('2023-04-21 17:18:22.196301', '2023-04-21 17:18:22.196301', NULL, 276, 2)
     , ('2023-04-21 17:18:22.196301', '2023-04-21 17:18:22.196301', NULL, 277, 2)
     , ('2023-04-21 17:18:22.196301', '2023-04-21 17:18:22.196301', NULL, 278, 2)
     , ('2023-04-21 17:18:22.196301', '2023-04-21 17:18:22.196301', NULL, 279, 2)
     , ('2023-04-21 17:18:22.196301', '2023-04-21 17:18:22.196301', NULL, 280, 2)
     , ('2023-04-21 17:18:22.196301', '2023-04-21 17:18:22.196301', NULL, 281, 2)
     , ('2023-04-21 17:18:22.196301', '2023-04-21 17:18:22.196301', NULL, 282, 2)
     , ('2023-04-21 17:18:22.196301', '2023-04-21 17:18:22.196301', NULL, 283, 2)
     , ('2023-04-21 17:18:22.196301', '2023-04-21 17:18:22.196301', NULL, 284, 2)
     , ('2023-04-21 17:18:22.196301', '2023-04-21 17:18:22.196301', NULL, 285, 2)
     , ('2023-04-21 17:18:22.196301', '2023-04-21 17:18:22.196301', NULL, 286, 2)
     , ('2023-04-21 17:18:22.196301', '2023-04-21 17:18:22.196301', NULL, 287, 2)
     , ('2023-04-21 17:18:22.196301', '2023-04-21 17:18:22.196301', NULL, 288, 2)
     , ('2023-04-21 17:18:22.196301', '2023-04-21 17:18:22.196301', NULL, 289, 2)
     , ('2023-04-21 17:18:22.196301', '2023-04-21 17:18:22.196301', NULL, 290, 2)
     , ('2023-04-21 17:18:22.196301', '2023-04-21 17:18:22.196301', NULL, 291, 2)
     , ('2023-04-21 17:18:22.196301', '2023-04-21 17:18:22.196301', NULL, 292, 2)
     , ('2023-04-21 17:18:22.196301', '2023-04-21 17:18:22.196301', NULL, 293, 2)
     , ('2023-04-21 17:18:22.196301', '2023-04-21 17:18:22.196301', NULL, 294, 2)
     , ('2023-04-21 17:18:22.196301', '2023-04-21 17:18:22.196301', NULL, 295, 2)
     , ('2023-04-21 17:18:22.196301', '2023-04-21 17:18:22.196301', NULL, 296, 2)
     , ('2023-04-21 17:18:22.196301', '2023-04-21 17:18:22.196301', NULL, 297, 2)
     , ('2023-04-21 17:18:22.196301', '2023-04-21 17:18:22.196301', NULL, 298, 2)
     , ('2023-04-21 17:18:22.196301', '2023-04-21 17:18:22.196301', NULL, 299, 2)
     , ('2023-04-21 17:18:22.196301', '2023-04-21 17:18:22.196301', NULL, 300, 2)
     , ('2023-04-21 17:18:22.196301', '2023-04-21 17:18:22.196301', NULL, 301, 2)
     , ('2023-04-21 17:18:22.196301', '2023-04-21 17:18:22.196301', NULL, 302, 2)
     , ('2023-04-21 17:18:22.196301', '2023-04-21 17:18:22.196301', NULL, 303, 2)
     , ('2023-04-21 17:18:22.196301', '2023-04-21 17:18:22.196301', NULL, 304, 2)
     , ('2023-04-21 17:18:22.196301', '2023-04-21 17:18:22.196301', NULL, 305, 2)
     , ('2023-04-21 17:18:22.196301', '2023-04-21 17:18:22.196301', NULL, 306, 2)
     , ('2023-04-21 17:18:22.196301', '2023-04-21 17:18:22.196301', NULL, 307, 2)
     , ('2023-04-21 17:18:22.196301', '2023-04-21 17:18:22.196301', NULL, 308, 2)
     , ('2023-04-21 17:18:22.196301', '2023-04-21 17:18:22.196301', NULL, 309, 2)
     , ('2023-04-21 17:18:22.196301', '2023-04-21 17:18:22.196301', NULL, 310, 2)
     , ('2023-04-21 17:18:22.196301', '2023-04-21 17:18:22.196301', NULL, 311, 2)
     , ('2023-04-21 17:18:22.196301', '2023-04-21 17:18:22.196301', NULL, 312, 2)
     , ('2023-04-21 17:18:22.196301', '2023-04-21 17:18:22.196301', NULL, 313, 2)
     , ('2023-04-21 17:18:22.196301', '2023-04-21 17:18:22.196301', NULL, 314, 2)
     , ('2023-04-21 17:18:22.196301', '2023-04-21 17:18:22.196301', NULL, 315, 2)
     , ('2023-04-21 17:18:22.196301', '2023-04-21 17:18:22.196301', NULL, 316, 2)
     , ('2023-04-21 17:18:22.196301', '2023-04-21 17:18:22.196301', NULL, 317, 2)
     , ('2023-04-21 17:18:22.196301', '2023-04-21 17:18:22.196301', NULL, 318, 2)
     , ('2023-04-21 17:18:22.196301', '2023-04-21 17:18:22.196301', NULL, 319, 2)
     , ('2023-04-21 17:18:22.196301', '2023-04-21 17:18:22.196301', NULL, 320, 2)
     , ('2023-04-21 17:18:22.196301', '2023-04-21 17:18:22.196301', NULL, 321, 2)
     , ('2023-04-21 17:18:22.196301', '2023-04-21 17:18:22.196301', NULL, 322, 2)
     , ('2023-04-21 17:18:22.196301', '2023-04-21 17:18:22.196301', NULL, 323, 2)
     , ('2023-04-21 17:18:22.196301', '2023-04-21 17:18:22.196301', NULL, 324, 2)
     , ('2023-04-21 17:18:22.196301', '2023-04-21 17:18:22.196301', NULL, 325, 2)
     , ('2023-04-21 17:18:22.196301', '2023-04-21 17:18:22.196301', NULL, 326, 2)
     , ('2023-04-21 17:18:22.196301', '2023-04-21 17:18:22.196301', NULL, 327, 2)
     , ('2023-04-21 17:18:22.196301', '2023-04-21 17:18:22.196301', NULL, 328, 2)
     , ('2023-04-21 17:18:22.196301', '2023-04-21 17:18:22.196301', NULL, 329, 2)
     , ('2023-04-21 17:18:22.196301', '2023-04-21 17:18:22.196301', NULL, 330, 2)
     , ('2023-04-21 17:18:22.196301', '2023-04-21 17:18:22.196301', NULL, 331, 2)
     , ('2023-04-21 17:18:22.196301', '2023-04-21 17:18:22.196301', NULL, 332, 2)
     , ('2023-04-21 17:18:22.196301', '2023-04-21 17:18:22.196301', NULL, 333, 2)
     , ('2023-04-21 17:18:22.196301', '2023-04-21 17:18:22.196301', NULL, 334, 2)
     , ('2023-04-21 17:18:22.196301', '2023-04-21 17:18:22.196301', NULL, 335, 2)
     , ('2023-04-21 17:18:22.196301', '2023-04-21 17:18:22.196301', NULL, 336, 2)
     , ('2023-04-21 17:18:22.196301', '2023-04-21 17:18:22.196301', NULL, 337, 2)
     , ('2023-04-21 17:18:22.196301', '2023-04-21 17:18:22.196301', NULL, 338, 2)
     , ('2023-04-21 17:18:22.196301', '2023-04-21 17:18:22.196301', NULL, 339, 2)
     , ('2023-04-21 17:18:22.196301', '2023-04-21 17:18:22.196301', NULL, 340, 2)
     , ('2023-04-21 17:18:22.196301', '2023-04-21 17:18:22.196301', NULL, 341, 2)
     , ('2023-04-21 17:18:22.196301', '2023-04-21 17:18:22.196301', NULL, 342, 2)
     , ('2023-04-21 17:18:22.196301', '2023-04-21 17:18:22.196301', NULL, 343, 2)
     , ('2023-04-21 17:18:22.196301', '2023-04-21 17:18:22.196301', NULL, 344, 2)
     , ('2023-04-21 17:18:22.196301', '2023-04-21 17:18:22.196301', NULL, 345, 2)
     , ('2023-04-21 17:18:22.196301', '2023-04-21 17:18:22.196301', NULL, 346, 2)
     , ('2023-04-21 17:18:22.196301', '2023-04-21 17:18:22.196301', NULL, 347, 2)
     , ('2023-04-21 17:18:22.196301', '2023-04-21 17:18:22.196301', NULL, 348, 2)
     , ('2023-04-21 17:18:22.196301', '2023-04-21 17:18:22.196301', NULL, 349, 2)
     , ('2023-04-21 17:18:22.196301', '2023-04-21 17:18:22.196301', NULL, 350, 2)
     , ('2023-04-21 17:18:22.196301', '2023-04-21 17:18:22.196301', NULL, 351, 2)
     , ('2023-04-21 17:18:22.196301', '2023-04-21 17:18:22.196301', NULL, 352, 2)
     , ('2023-04-21 17:18:22.196301', '2023-04-21 17:18:22.196301', NULL, 353, 2)
     , ('2023-04-21 17:18:22.196301', '2023-04-21 17:18:22.196301', NULL, 354, 2)
     , ('2023-04-21 17:18:22.196301', '2023-04-21 17:18:22.196301', NULL, 355, 2)
     , ('2023-04-21 17:18:22.196301', '2023-04-21 17:18:22.196301', NULL, 356, 2)
     , ('2023-04-21 17:18:22.196301', '2023-04-21 17:18:22.196301', NULL, 357, 2)
     , ('2023-04-21 17:18:22.196301', '2023-04-21 17:18:22.196301', NULL, 358, 2)
     , ('2023-04-21 17:18:22.196301', '2023-04-21 17:18:22.196301', NULL, 359, 2)
     , ('2023-04-21 17:18:22.196301', '2023-04-21 17:18:22.196301', NULL, 360, 2)
     , ('2023-04-21 17:18:22.196301', '2023-04-21 17:18:22.196301', NULL, 361, 2)
     , ('2023-04-21 17:18:22.196301', '2023-04-21 17:18:22.196301', NULL, 362, 2)
     , ('2023-04-21 17:18:22.196301', '2023-04-21 17:18:22.196301', NULL, 363, 2)
     , ('2023-04-21 17:18:22.196301', '2023-04-21 17:18:22.196301', NULL, 364, 2)
     , ('2023-04-21 17:18:22.196301', '2023-04-21 17:18:22.196301', NULL, 365, 2)
     , ('2023-04-21 17:18:22.196301', '2023-04-21 17:18:22.196301', NULL, 366, 2)
     , ('2023-04-21 17:18:22.196301', '2023-04-21 17:18:22.196301', NULL, 367, 2)
     , ('2023-04-21 17:18:22.196301', '2023-04-21 17:18:22.196301', NULL, 368, 2)
     , ('2023-04-21 17:18:22.196301', '2023-04-21 17:18:22.196301', NULL, 369, 2)
     , ('2023-04-21 17:18:22.196301', '2023-04-21 17:18:22.196301', NULL, 370, 2)
     , ('2023-04-21 17:18:22.196301', '2023-04-21 17:18:22.196301', NULL, 371, 2)
     , ('2023-04-21 17:18:22.196301', '2023-04-21 17:18:22.196301', NULL, 372, 2)
     , ('2023-04-21 17:18:22.196301', '2023-04-21 17:18:22.196301', NULL, 373, 2)
     , ('2023-04-21 17:18:22.196301', '2023-04-21 17:18:22.196301', NULL, 374, 2)
     , ('2023-04-21 17:18:22.196301', '2023-04-21 17:18:22.196301', NULL, 375, 2)
     , ('2023-04-21 17:18:22.196301', '2023-04-21 17:18:22.196301', NULL, 376, 2)
     , ('2023-04-21 17:18:22.196301', '2023-04-21 17:18:22.196301', NULL, 377, 2)
     , ('2023-04-21 17:18:22.196301', '2023-04-21 17:18:22.196301', NULL, 378, 2)
     , ('2023-04-21 17:18:22.196301', '2023-04-21 17:18:22.196301', NULL, 379, 2)
     , ('2023-04-21 17:18:22.196301', '2023-04-21 17:18:22.196301', NULL, 380, 2)
     , ('2023-04-21 17:18:22.196301', '2023-04-21 17:18:22.196301', NULL, 381, 2)
     , ('2023-04-21 17:18:22.196301', '2023-04-21 17:18:22.196301', NULL, 382, 2)
     , ('2023-04-21 17:18:22.196301', '2023-04-21 17:18:22.196301', NULL, 383, 2)
     , ('2023-04-21 17:18:22.196301', '2023-04-21 17:18:22.196301', NULL, 384, 2)
     , ('2023-04-21 17:18:22.196301', '2023-04-21 17:18:22.196301', NULL, 385, 2)
     , ('2023-04-21 17:18:22.196301', '2023-04-21 17:18:22.196301', NULL, 386, 2)
     , ('2023-04-21 17:18:22.196301', '2023-04-21 17:18:22.196301', NULL, 387, 2)
     , ('2023-04-21 17:18:22.196301', '2023-04-21 17:18:22.196301', NULL, 388, 2)
     , ('2023-04-21 17:18:22.196301', '2023-04-21 17:18:22.196301', NULL, 389, 2)
     , ('2023-04-21 17:18:22.196301', '2023-04-21 17:18:22.196301', NULL, 390, 2)
     , ('2023-04-21 17:18:22.196301', '2023-04-21 17:18:22.196301', NULL, 391, 2)
     , ('2023-04-21 17:18:22.196301', '2023-04-21 17:18:22.196301', NULL, 392, 2)
     , ('2023-04-21 17:18:22.196301', '2023-04-21 17:18:22.196301', NULL, 393, 2)
     , ('2023-04-21 17:18:22.196301', '2023-04-21 17:18:22.196301', NULL, 394, 2)
     , ('2023-04-21 17:18:22.196301', '2023-04-21 17:18:22.196301', NULL, 395, 2)
     , ('2023-04-21 17:18:22.196301', '2023-04-21 17:18:22.196301', NULL, 396, 2)
     , ('2023-04-21 17:18:22.196301', '2023-04-21 17:18:22.196301', NULL, 397, 2)
     , ('2023-04-21 17:18:22.196301', '2023-04-21 17:18:22.196301', NULL, 398, 2)
     , ('2023-04-21 17:18:22.196301', '2023-04-21 17:18:22.196301', NULL, 399, 2)
     , ('2023-04-21 17:18:22.196301', '2023-04-21 17:18:22.196301', NULL, 400, 2)
     , ('2023-04-21 17:18:22.196301', '2023-04-21 17:18:22.196301', NULL, 401, 2)
     , ('2023-04-21 17:18:22.196301', '2023-04-21 17:18:22.196301', NULL, 402, 2)
     , ('2023-04-21 17:18:22.196301', '2023-04-21 17:18:22.196301', NULL, 403, 2)
     , ('2023-04-21 17:18:22.196301', '2023-04-21 17:18:22.196301', NULL, 404, 2)
     , ('2023-04-21 17:18:22.196301', '2023-04-21 17:18:22.196301', NULL, 405, 2)
     , ('2023-04-21 17:18:22.196301', '2023-04-21 17:18:22.196301', NULL, 406, 2)
     , ('2023-04-21 17:18:22.196301', '2023-04-21 17:18:22.196301', NULL, 407, 2)
     , ('2023-04-21 17:18:22.196301', '2023-04-21 17:18:22.196301', NULL, 408, 2)
     , ('2023-04-21 17:18:22.196301', '2023-04-21 17:18:22.196301', NULL, 409, 2)
     , ('2023-04-21 17:18:22.196301', '2023-04-21 17:18:22.196301', NULL, 410, 2)
     , ('2023-04-21 17:18:22.196301', '2023-04-21 17:18:22.196301', NULL, 411, 2)
     , ('2023-04-21 17:18:22.196301', '2023-04-21 17:18:22.196301', NULL, 412, 2)
     , ('2023-04-21 17:18:22.196301', '2023-04-21 17:18:22.196301', NULL, 413, 2)
     , ('2023-04-21 17:18:22.196301', '2023-04-21 17:18:22.196301', NULL, 414, 2)
     , ('2023-04-21 17:18:22.196301', '2023-04-21 17:18:22.196301', NULL, 415, 2)
     , ('2023-04-21 17:18:22.196301', '2023-04-21 17:18:22.196301', NULL, 416, 2)
     , ('2023-04-21 17:18:22.196301', '2023-04-21 17:18:22.196301', NULL, 417, 2)
     , ('2023-04-21 17:18:22.196301', '2023-04-21 17:18:22.196301', NULL, 418, 2)
     , ('2023-04-21 17:18:22.196301', '2023-04-21 17:18:22.196301', NULL, 419, 2)
     , ('2023-04-21 17:18:22.196301', '2023-04-21 17:18:22.196301', NULL, 420, 2)
     , ('2023-04-21 17:18:22.196301', '2023-04-21 17:18:22.196301', NULL, 421, 2)
     , ('2023-04-21 17:18:22.196301', '2023-04-21 17:18:22.196301', NULL, 422, 2)
     , ('2023-04-21 17:18:22.196301', '2023-04-21 17:18:22.196301', NULL, 423, 2)
     , ('2023-04-21 17:18:22.196301', '2023-04-21 17:18:22.196301', NULL, 424, 2)
     , ('2023-04-21 17:18:22.196301', '2023-04-21 17:18:22.196301', NULL, 425, 2)
     , ('2023-04-21 17:18:22.196301', '2023-04-21 17:18:22.196301', NULL, 426, 2)
     , ('2023-04-21 17:18:22.196301', '2023-04-21 17:18:22.196301', NULL, 427, 2)
     , ('2023-04-21 17:18:22.196301', '2023-04-21 17:18:22.196301', NULL, 428, 2)
     , ('2023-04-21 17:18:22.196301', '2023-04-21 17:18:22.196301', NULL, 429, 2)
     , ('2023-04-21 17:18:22.196301', '2023-04-21 17:18:22.196301', NULL, 430, 2)
     , ('2023-04-21 17:18:22.196301', '2023-04-21 17:18:22.196301', NULL, 431, 2)
     , ('2023-04-21 17:18:22.196301', '2023-04-21 17:18:22.196301', NULL, 432, 2)
     , ('2023-04-21 17:18:22.196301', '2023-04-21 17:18:22.196301', NULL, 433, 2)
     , ('2023-04-21 17:18:22.196301', '2023-04-21 17:18:22.196301', NULL, 434, 2)
     , ('2023-04-21 17:18:22.196301', '2023-04-21 17:18:22.196301', NULL, 435, 2)
     , ('2023-04-21 17:18:22.196301', '2023-04-21 17:18:22.196301', NULL, 436, 2)
     , ('2023-04-21 17:18:22.196301', '2023-04-21 17:18:22.196301', NULL, 437, 2)
     , ('2023-04-21 17:18:22.196301', '2023-04-21 17:18:22.196301', NULL, 438, 2)
     , ('2023-04-21 17:18:22.196301', '2023-04-21 17:18:22.196301', NULL, 439, 2)
     , ('2023-04-21 17:18:22.196301', '2023-04-21 17:18:22.196301', NULL, 440, 2)
     , ('2023-04-21 17:18:22.196301', '2023-04-21 17:18:22.196301', NULL, 441, 2)
     , ('2023-04-21 17:18:22.196301', '2023-04-21 17:18:22.196301', NULL, 442, 2)
     , ('2023-04-21 17:18:22.196301', '2023-04-21 17:18:22.196301', NULL, 443, 2)
     , ('2023-04-21 17:18:22.196301', '2023-04-21 17:18:22.196301', NULL, 444, 2)
     , ('2023-04-21 17:18:22.196301', '2023-04-21 17:18:22.196301', NULL, 445, 2)
     , ('2023-04-21 17:18:22.196301', '2023-04-21 17:18:22.196301', NULL, 446, 2)
     , ('2023-04-21 17:18:22.196301', '2023-04-21 17:18:22.196301', NULL, 447, 2)
     , ('2023-04-21 17:18:22.196301', '2023-04-21 17:18:22.196301', NULL, 448, 2)
     , ('2023-04-21 17:18:22.196301', '2023-04-21 17:18:22.196301', NULL, 449, 2)
     , ('2023-04-21 17:18:22.196301', '2023-04-21 17:18:22.196301', NULL, 450, 2)
     , ('2023-04-21 17:18:22.196301', '2023-04-21 17:18:22.196301', NULL, 451, 2)
     , ('2023-04-21 17:18:22.196301', '2023-04-21 17:18:22.196301', NULL, 452, 2)
     , ('2023-04-21 17:18:22.196301', '2023-04-21 17:18:22.196301', NULL, 453, 2)
     , ('2023-04-21 17:18:22.196301', '2023-04-21 17:18:22.196301', NULL, 454, 2)
     , ('2023-04-21 17:18:22.196301', '2023-04-21 17:18:22.196301', NULL, 455, 2)
     , ('2023-04-21 17:18:22.196301', '2023-04-21 17:18:22.196301', NULL, 456, 2)
     , ('2023-04-21 17:18:22.196301', '2023-04-21 17:18:22.196301', NULL, 457, 2)
     , ('2023-04-21 17:18:22.196301', '2023-04-21 17:18:22.196301', NULL, 458, 2)
     , ('2023-04-21 17:18:22.196301', '2023-04-21 17:18:22.196301', NULL, 459, 2)
     , ('2023-04-21 17:18:22.196301', '2023-04-21 17:18:22.196301', NULL, 460, 2)
     , ('2023-04-21 17:18:22.196301', '2023-04-21 17:18:22.196301', NULL, 461, 2)
     , ('2023-04-21 17:18:22.196301', '2023-04-21 17:18:22.196301', NULL, 462, 2)
     , ('2023-04-21 17:18:22.196301', '2023-04-21 17:18:22.196301', NULL, 463, 2)
     , ('2023-04-21 17:18:22.196301', '2023-04-21 17:18:22.196301', NULL, 464, 2)
     , ('2023-04-21 17:18:22.196301', '2023-04-21 17:18:22.196301', NULL, 465, 2)
     , ('2023-04-21 17:18:22.196301', '2023-04-21 17:18:22.196301', NULL, 466, 2)
     , ('2023-04-21 17:18:22.196301', '2023-04-21 17:18:22.196301', NULL, 467, 2)
     , ('2023-04-21 17:18:22.196301', '2023-04-21 17:18:22.196301', NULL, 468, 2)
     , ('2023-04-21 17:18:22.196301', '2023-04-21 17:18:22.196301', NULL, 469, 2)
     , ('2023-04-21 17:18:22.196301', '2023-04-21 17:18:22.196301', NULL, 470, 2)
     , ('2023-04-21 17:18:22.196301', '2023-04-21 17:18:22.196301', NULL, 471, 2)
     , ('2023-04-21 17:18:22.196301', '2023-04-21 17:18:22.196301', NULL, 472, 2)
     , ('2023-04-21 17:18:22.196301', '2023-04-21 17:18:22.196301', NULL, 473, 2)
     , ('2023-04-21 17:18:22.196301', '2023-04-21 17:18:22.196301', NULL, 474, 2)
     , ('2023-04-21 17:18:22.196301', '2023-04-21 17:18:22.196301', NULL, 475, 2)
     , ('2023-04-21 17:18:22.196301', '2023-04-21 17:18:22.196301', NULL, 476, 2)
     , ('2023-04-21 17:18:22.196301', '2023-04-21 17:18:22.196301', NULL, 477, 2)
     , ('2023-04-21 17:18:22.196301', '2023-04-21 17:18:22.196301', NULL, 478, 2)
     , ('2023-04-21 17:18:22.196301', '2023-04-21 17:18:22.196301', NULL, 479, 2)
     , ('2023-04-21 17:18:22.196301', '2023-04-21 17:18:22.196301', NULL, 480, 2)
     , ('2023-04-21 17:18:22.196301', '2023-04-21 17:18:22.196301', NULL, 481, 2)
     , ('2023-04-21 17:18:22.196301', '2023-04-21 17:18:22.196301', NULL, 482, 2)
     , ('2023-04-21 17:18:22.196301', '2023-04-21 17:18:22.196301', NULL, 483, 2)
     , ('2023-04-21 17:18:22.196301', '2023-04-21 17:18:22.196301', NULL, 484, 2)
     , ('2023-04-21 17:18:22.196301', '2023-04-21 17:18:22.196301', NULL, 485, 2)
     , ('2023-04-21 17:18:22.196301', '2023-04-21 17:18:22.196301', NULL, 486, 2)
     , ('2023-04-21 17:18:22.196301', '2023-04-21 17:18:22.196301', NULL, 487, 2)
     , ('2023-04-21 17:18:22.196301', '2023-04-21 17:18:22.196301', NULL, 488, 2)
     , ('2023-04-21 17:18:22.196301', '2023-04-21 17:18:22.196301', NULL, 489, 2)
     , ('2023-04-21 17:18:22.196301', '2023-04-21 17:18:22.196301', NULL, 490, 2)
     , ('2023-04-21 17:18:22.196301', '2023-04-21 17:18:22.196301', NULL, 491, 2)
     , ('2023-04-21 17:18:22.196301', '2023-04-21 17:18:22.196301', NULL, 492, 2)
     , ('2023-04-21 17:18:22.196301', '2023-04-21 17:18:22.196301', NULL, 493, 2)
     , ('2023-04-21 17:18:22.196301', '2023-04-21 17:18:22.196301', NULL, 494, 2)
     , ('2023-04-21 17:18:22.196301', '2023-04-21 17:18:22.196301', NULL, 495, 2)
     , ('2023-04-21 17:18:22.196301', '2023-04-21 17:18:22.196301', NULL, 496, 2)
     , ('2023-04-21 17:18:22.196301', '2023-04-21 17:18:22.196301', NULL, 497, 2)
     , ('2023-04-21 17:18:22.196301', '2023-04-21 17:18:22.196301', NULL, 498, 2)
     , ('2023-04-21 17:18:22.196301', '2023-04-21 17:18:22.196301', NULL, 499, 2)
     , ('2023-04-21 17:18:22.196301', '2023-04-21 17:18:22.196301', NULL, 500, 2)
     , ('2023-04-21 17:18:22.196301', '2023-04-21 17:18:22.196301', NULL, 501, 2)
     , ('2023-04-21 17:18:22.196301', '2023-04-21 17:18:22.196301', NULL, 502, 2)
     , ('2023-04-21 17:18:22.196301', '2023-04-21 17:18:22.196301', NULL, 503, 2)
     , ('2023-04-21 17:18:22.196301', '2023-04-21 17:18:22.196301', NULL, 504, 2)
     , ('2023-04-21 17:18:22.196301', '2023-04-21 17:18:22.196301', NULL, 505, 2)
     , ('2023-04-21 17:18:22.196301', '2023-04-21 17:18:22.196301', NULL, 506, 2)
     , ('2023-04-21 17:18:22.196301', '2023-04-21 17:18:22.196301', NULL, 507, 2)
     , ('2023-04-21 17:18:22.196301', '2023-04-21 17:18:22.196301', NULL, 508, 2)
     , ('2023-04-21 17:18:22.196301', '2023-04-21 17:18:22.196301', NULL, 509, 2)
     , ('2023-04-21 17:18:22.196301', '2023-04-21 17:18:22.196301', NULL, 510, 2)
     , ('2023-04-21 17:18:22.196301', '2023-04-21 17:18:22.196301', NULL, 511, 2)
     , ('2023-04-21 17:18:22.196301', '2023-04-21 17:18:22.196301', NULL, 512, 2)
     , ('2023-04-21 17:18:22.196301', '2023-04-21 17:18:22.196301', NULL, 513, 2)
     , ('2023-04-21 17:18:22.196301', '2023-04-21 17:18:22.196301', NULL, 514, 2)
     , ('2023-04-21 17:18:22.196301', '2023-04-21 17:18:22.196301', NULL, 515, 2)
     , ('2023-04-21 17:18:22.196301', '2023-04-21 17:18:22.196301', NULL, 516, 2)
     , ('2023-04-21 17:18:22.196301', '2023-04-21 17:18:22.196301', NULL, 517, 2)
     , ('2023-04-21 17:18:22.196301', '2023-04-21 17:18:22.196301', NULL, 518, 2)
     , ('2023-04-21 17:18:22.196301', '2023-04-21 17:18:22.196301', NULL, 519, 2)
     , ('2023-04-21 17:18:22.196301', '2023-04-21 17:18:22.196301', NULL, 520, 2)
     , ('2023-04-21 17:18:22.196301', '2023-04-21 17:18:22.196301', NULL, 521, 2)
     , ('2023-04-21 17:18:22.196301', '2023-04-21 17:18:22.196301', NULL, 522, 2)
     , ('2023-04-21 17:18:22.196301', '2023-04-21 17:18:22.196301', NULL, 523, 2)
     , ('2023-04-21 17:18:22.196301', '2023-04-21 17:18:22.196301', NULL, 524, 2)
     , ('2023-04-21 17:18:22.196301', '2023-04-21 17:18:22.196301', NULL, 525, 2)
     , ('2023-04-21 17:18:22.196301', '2023-04-21 17:18:22.196301', NULL, 526, 2)
     , ('2023-04-21 17:18:22.196301', '2023-04-21 17:18:22.196301', NULL, 527, 2)
     , ('2023-04-21 17:18:22.196301', '2023-04-21 17:18:22.196301', NULL, 528, 2)
     , ('2023-04-21 17:18:22.196301', '2023-04-21 17:18:22.196301', NULL, 529, 2)
     , ('2023-04-21 17:18:22.196301', '2023-04-21 17:18:22.196301', NULL, 530, 2)
     , ('2023-04-21 17:18:22.196301', '2023-04-21 17:18:22.196301', NULL, 531, 2)
     , ('2023-04-21 17:18:22.196301', '2023-04-21 17:18:22.196301', NULL, 532, 2)
     , ('2023-04-21 17:18:22.196301', '2023-04-21 17:18:22.196301', NULL, 533, 2)
     , ('2023-04-21 17:18:22.196301', '2023-04-21 17:18:22.196301', NULL, 534, 2)
     , ('2023-04-21 17:18:22.196301', '2023-04-21 17:18:22.196301', NULL, 535, 2)
     , ('2023-04-21 17:18:22.196301', '2023-04-21 17:18:22.196301', NULL, 536, 2)
     , ('2023-04-21 17:18:22.196301', '2023-04-21 17:18:22.196301', NULL, 537, 2)
     , ('2023-04-21 17:18:22.196301', '2023-04-21 17:18:22.196301', NULL, 538, 2)
     , ('2023-04-21 17:18:22.196301', '2023-04-21 17:18:22.196301', NULL, 539, 2)
     , ('2023-04-21 17:18:22.196301', '2023-04-21 17:18:22.196301', NULL, 540, 2)
     , ('2023-04-21 17:18:22.196301', '2023-04-21 17:18:22.196301', NULL, 541, 2)
     , ('2023-04-21 17:18:22.196301', '2023-04-21 17:18:22.196301', NULL, 542, 2)
     , ('2023-04-21 17:18:22.196301', '2023-04-21 17:18:22.196301', NULL, 543, 2)
     , ('2023-04-21 17:18:22.196301', '2023-04-21 17:18:22.196301', NULL, 544, 2)
     , ('2023-04-21 17:18:22.196301', '2023-04-21 17:18:22.196301', NULL, 545, 2)
     , ('2023-04-21 17:18:22.196301', '2023-04-21 17:18:22.196301', NULL, 546, 2)
     , ('2023-04-21 17:18:22.196301', '2023-04-21 17:18:22.196301', NULL, 547, 2)
     , ('2023-04-21 17:18:22.196301', '2023-04-21 17:18:22.196301', NULL, 548, 2)
     , ('2023-04-21 17:18:22.196301', '2023-04-21 17:18:22.196301', NULL, 549, 2)
     , ('2023-04-21 17:18:22.196301', '2023-04-21 17:18:22.196301', NULL, 550, 2)
     , ('2023-04-21 17:18:22.196301', '2023-04-21 17:18:22.196301', NULL, 551, 2)
     , ('2023-04-21 17:18:22.196301', '2023-04-21 17:18:22.196301', NULL, 552, 2)
     , ('2023-04-21 17:18:22.196301', '2023-04-21 17:18:22.196301', NULL, 553, 2)
     , ('2023-04-21 17:18:22.196301', '2023-04-21 17:18:22.196301', NULL, 554, 2)
     , ('2023-04-21 17:18:22.196301', '2023-04-21 17:18:22.196301', NULL, 555, 2)
     , ('2023-04-21 17:18:22.196301', '2023-04-21 17:18:22.196301', NULL, 556, 2)
     , ('2023-04-21 17:18:22.196301', '2023-04-21 17:18:22.196301', NULL, 557, 2)
     , ('2023-04-21 17:18:22.196301', '2023-04-21 17:18:22.196301', NULL, 558, 2)
     , ('2023-04-21 17:18:22.196301', '2023-04-21 17:18:22.196301', NULL, 559, 2)
     , ('2023-04-21 17:18:22.196301', '2023-04-21 17:18:22.196301', NULL, 560, 2)
     , ('2023-04-21 17:18:22.196301', '2023-04-21 17:18:22.196301', NULL, 561, 2)
     , ('2023-04-21 17:18:22.196301', '2023-04-21 17:18:22.196301', NULL, 562, 2)
     , ('2023-04-21 17:18:22.196301', '2023-04-21 17:18:22.196301', NULL, 563, 2)
     , ('2023-04-21 17:18:22.196301', '2023-04-21 17:18:22.196301', NULL, 564, 2)
     , ('2023-04-21 17:18:22.196301', '2023-04-21 17:18:22.196301', NULL, 565, 2)
     , ('2023-04-21 17:18:22.196301', '2023-04-21 17:18:22.196301', NULL, 566, 2)
     , ('2023-04-21 17:18:22.196301', '2023-04-21 17:18:22.196301', NULL, 567, 2)
     , ('2023-04-21 17:18:22.196301', '2023-04-21 17:18:22.196301', NULL, 568, 2)
     , ('2023-04-21 17:18:22.196301', '2023-04-21 17:18:22.196301', NULL, 569, 2)
     , ('2023-04-21 17:18:22.196301', '2023-04-21 17:18:22.196301', NULL, 570, 2)
     , ('2023-04-21 17:18:22.196301', '2023-04-21 17:18:22.196301', NULL, 571, 2)
     , ('2023-04-21 17:18:22.196301', '2023-04-21 17:18:22.196301', NULL, 572, 2)
     , ('2023-04-21 17:18:22.196301', '2023-04-21 17:18:22.196301', NULL, 573, 2)
     , ('2023-04-21 17:18:22.196301', '2023-04-21 17:18:22.196301', NULL, 574, 2)
     , ('2023-04-21 17:18:22.196301', '2023-04-21 17:18:22.196301', NULL, 575, 2)
     , ('2023-04-21 17:18:22.196301', '2023-04-21 17:18:22.196301', NULL, 576, 2)
     , ('2023-04-21 17:18:22.196301', '2023-04-21 17:18:22.196301', NULL, 577, 2)
     , ('2023-04-21 17:18:22.196301', '2023-04-21 17:18:22.196301', NULL, 578, 2)
     , ('2023-04-21 17:18:22.196301', '2023-04-21 17:18:22.196301', NULL, 579, 2)
     , ('2023-04-21 17:18:22.196301', '2023-04-21 17:18:22.196301', NULL, 580, 2)
     , ('2023-04-21 17:18:22.196301', '2023-04-21 17:18:22.196301', NULL, 581, 2)
     , ('2023-04-21 17:18:22.196301', '2023-04-21 17:18:22.196301', NULL, 582, 2)
     , ('2023-04-21 17:18:22.196301', '2023-04-21 17:18:22.196301', NULL, 583, 2)
     , ('2023-04-21 17:18:22.196301', '2023-04-21 17:18:22.196301', NULL, 584, 2)
     , ('2023-04-21 17:18:22.196301', '2023-04-21 17:18:22.196301', NULL, 585, 2)
     , ('2023-04-21 17:18:22.196301', '2023-04-21 17:18:22.196301', NULL, 586, 2)
     , ('2023-04-21 17:18:22.196301', '2023-04-21 17:18:22.196301', NULL, 587, 2)
     , ('2023-04-21 17:18:22.196301', '2023-04-21 17:18:22.196301', NULL, 588, 2)
     , ('2023-04-21 17:18:22.196301', '2023-04-21 17:18:22.196301', NULL, 589, 2)
     , ('2023-04-21 17:18:22.196301', '2023-04-21 17:18:22.196301', NULL, 590, 2)
     , ('2023-04-21 17:18:22.196301', '2023-04-21 17:18:22.196301', NULL, 591, 2)
     , ('2023-04-21 17:18:22.196301', '2023-04-21 17:18:22.196301', NULL, 592, 2)
     , ('2023-04-21 17:18:22.196301', '2023-04-21 17:18:22.196301', NULL, 593, 2)
     , ('2023-04-21 17:18:22.196301', '2023-04-21 17:18:22.196301', NULL, 594, 2)
     , ('2023-04-21 17:18:22.196301', '2023-04-21 17:18:22.196301', NULL, 595, 2)
     , ('2023-04-21 17:18:22.196301', '2023-04-21 17:18:22.196301', NULL, 596, 2)
     , ('2023-04-21 17:18:22.196301', '2023-04-21 17:18:22.196301', NULL, 597, 2)
     , ('2023-04-21 17:18:22.196301', '2023-04-21 17:18:22.196301', NULL, 598, 2)
     , ('2023-04-21 17:18:22.196301', '2023-04-21 17:18:22.196301', NULL, 599, 2)
     , ('2023-04-21 17:18:22.196301', '2023-04-21 17:18:22.196301', NULL, 600, 2)
     , ('2023-04-21 17:18:22.196301', '2023-04-21 17:18:22.196301', NULL, 601, 2)
     , ('2023-04-21 17:18:22.196301', '2023-04-21 17:18:22.196301', NULL, 602, 2)
     , ('2023-04-21 17:18:22.196301', '2023-04-21 17:18:22.196301', NULL, 603, 2)
     , ('2023-04-21 17:18:22.196301', '2023-04-21 17:18:22.196301', NULL, 604, 2)
     , ('2023-04-21 17:18:22.196301', '2023-04-21 17:18:22.196301', NULL, 605, 2)
     , ('2023-04-21 17:18:22.196301', '2023-04-21 17:18:22.196301', NULL, 606, 2)
     , ('2023-04-21 17:18:22.196301', '2023-04-21 17:18:22.196301', NULL, 607, 2)
     , ('2023-04-21 17:18:22.196301', '2023-04-21 17:18:22.196301', NULL, 608, 2)
     , ('2023-04-21 17:18:22.196301', '2023-04-21 17:18:22.196301', NULL, 609, 2)
     , ('2023-04-21 17:18:22.196301', '2023-04-21 17:18:22.196301', NULL, 610, 2)
     , ('2023-04-21 17:18:22.196301', '2023-04-21 17:18:22.196301', NULL, 611, 2)
     , ('2023-04-21 17:18:22.196301', '2023-04-21 17:18:22.196301', NULL, 612, 2)
     , ('2023-04-21 17:18:22.196301', '2023-04-21 17:18:22.196301', NULL, 613, 2)
     , ('2023-04-21 17:18:22.196301', '2023-04-21 17:18:22.196301', NULL, 614, 2)
     , ('2023-04-21 17:18:22.196301', '2023-04-21 17:18:22.196301', NULL, 615, 2)
     , ('2023-04-21 17:18:22.196301', '2023-04-21 17:18:22.196301', NULL, 616, 2)
     , ('2023-04-21 17:18:22.196301', '2023-04-21 17:18:22.196301', NULL, 617, 2)
     , ('2023-04-21 17:18:22.196301', '2023-04-21 17:18:22.196301', NULL, 618, 2)
     , ('2023-04-21 17:18:22.196301', '2023-04-21 17:18:22.196301', NULL, 619, 2)
     , ('2023-04-21 17:18:22.196301', '2023-04-21 17:18:22.196301', NULL, 620, 2)
     , ('2023-04-21 17:18:22.196301', '2023-04-21 17:18:22.196301', NULL, 621, 2)
     , ('2023-04-21 17:18:22.196301', '2023-04-21 17:18:22.196301', NULL, 622, 2)
     , ('2023-04-21 17:18:22.196301', '2023-04-21 17:18:22.196301', NULL, 623, 2)
     , ('2023-04-21 17:18:22.196301', '2023-04-21 17:18:22.196301', NULL, 624, 2)
     , ('2023-04-21 17:18:22.196301', '2023-04-21 17:18:22.196301', NULL, 625, 2)
     , ('2023-04-21 17:18:22.196301', '2023-04-21 17:18:22.196301', NULL, 626, 2)
     , ('2023-04-21 17:18:22.196301', '2023-04-21 17:18:22.196301', NULL, 627, 2)
     , ('2023-04-21 17:18:22.196301', '2023-04-21 17:18:22.196301', NULL, 628, 2)
     , ('2023-04-21 17:18:22.196301', '2023-04-21 17:18:22.196301', NULL, 629, 2)
     , ('2023-04-21 17:18:22.196301', '2023-04-21 17:18:22.196301', NULL, 630, 2)
     , ('2023-04-21 17:18:22.196301', '2023-04-21 17:18:22.196301', NULL, 631, 2)
     , ('2023-04-21 17:18:22.196301', '2023-04-21 17:18:22.196301', NULL, 632, 2)
     , ('2023-04-21 17:18:22.196301', '2023-04-21 17:18:22.196301', NULL, 633, 2)
     , ('2023-04-21 17:18:22.196301', '2023-04-21 17:18:22.196301', NULL, 634, 2)
     , ('2023-04-21 17:18:22.196301', '2023-04-21 17:18:22.196301', NULL, 635, 2)
     , ('2023-04-21 17:18:22.196301', '2023-04-21 17:18:22.196301', NULL, 636, 2)
     , ('2023-04-21 17:18:22.196301', '2023-04-21 17:18:22.196301', NULL, 637, 2)
     , ('2023-04-21 17:18:22.196301', '2023-04-21 17:18:22.196301', NULL, 638, 2)
     , ('2023-04-21 17:18:22.196301', '2023-04-21 17:18:22.196301', NULL, 639, 2)
     , ('2023-04-21 17:18:22.196301', '2023-04-21 17:18:22.196301', NULL, 640, 3)
     , ('2023-04-21 17:18:22.196301', '2023-04-21 17:18:22.196301', NULL, 641, 3)
     , ('2023-04-21 17:18:22.196301', '2023-04-21 17:18:22.196301', NULL, 642, 3)
     , ('2023-04-21 17:18:22.196301', '2023-04-21 17:18:22.196301', NULL, 643, 3)
     , ('2023-04-21 17:18:22.196301', '2023-04-21 17:18:22.196301', NULL, 644, 3)
     , ('2023-04-21 17:18:22.196301', '2023-04-21 17:18:22.196301', NULL, 645, 3)
     , ('2023-04-21 17:18:22.196301', '2023-04-21 17:18:22.196301', NULL, 646, 3)
     , ('2023-04-21 17:18:22.196301', '2023-04-21 17:18:22.196301', NULL, 647, 3)
     , ('2023-04-21 17:18:22.196301', '2023-04-21 17:18:22.196301', NULL, 648, 3)
     , ('2023-04-21 17:18:22.196301', '2023-04-21 17:18:22.196301', NULL, 649, 3)
     , ('2023-04-21 17:18:22.196301', '2023-04-21 17:18:22.196301', NULL, 650, 3)
     , ('2023-04-21 17:18:22.196301', '2023-04-21 17:18:22.196301', NULL, 651, 3)
     , ('2023-04-21 17:18:22.196301', '2023-04-21 17:18:22.196301', NULL, 652, 3)
     , ('2023-04-21 17:18:22.196301', '2023-04-21 17:18:22.196301', NULL, 653, 3)
     , ('2023-04-21 17:18:22.196301', '2023-04-21 17:18:22.196301', NULL, 654, 3)
     , ('2023-04-21 17:18:22.196301', '2023-04-21 17:18:22.196301', NULL, 655, 3)
     , ('2023-04-21 17:18:22.196301', '2023-04-21 17:18:22.196301', NULL, 656, 3)
     , ('2023-04-21 17:18:22.196301', '2023-04-21 17:18:22.196301', NULL, 657, 3)
     , ('2023-04-21 17:18:22.196301', '2023-04-21 17:18:22.196301', NULL, 658, 3)
     , ('2023-04-21 17:18:22.196301', '2023-04-21 17:18:22.196301', NULL, 659, 3)
     , ('2023-04-21 17:18:22.196301', '2023-04-21 17:18:22.196301', NULL, 660, 3)
     , ('2023-04-21 17:18:22.196301', '2023-04-21 17:18:22.196301', NULL, 661, 3)
     , ('2023-04-21 17:18:22.196301', '2023-04-21 17:18:22.196301', NULL, 662, 3)
     , ('2023-04-21 17:18:22.196301', '2023-04-21 17:18:22.196301', NULL, 663, 3)
     , ('2023-04-21 17:18:22.196301', '2023-04-21 17:18:22.196301', NULL, 664, 3)
     , ('2023-04-21 17:18:22.196301', '2023-04-21 17:18:22.196301', NULL, 665, 3)
     , ('2023-04-21 17:18:22.196301', '2023-04-21 17:18:22.196301', NULL, 666, 3)
     , ('2023-04-21 17:18:22.196301', '2023-04-21 17:18:22.196301', NULL, 667, 3)
     , ('2023-04-21 17:18:22.196301', '2023-04-21 17:18:22.196301', NULL, 668, 3)
     , ('2023-04-21 17:18:22.196301', '2023-04-21 17:18:22.196301', NULL, 669, 3)
     , ('2023-04-21 17:18:22.196301', '2023-04-21 17:18:22.196301', NULL, 670, 3)
     , ('2023-04-21 17:18:22.196301', '2023-04-21 17:18:22.196301', NULL, 671, 3)
     , ('2023-04-21 17:18:22.196301', '2023-04-21 17:18:22.196301', NULL, 672, 3)
     , ('2023-04-21 17:18:22.196301', '2023-04-21 17:18:22.196301', NULL, 673, 3)
     , ('2023-04-21 17:18:22.196301', '2023-04-21 17:18:22.196301', NULL, 674, 3)
     , ('2023-04-21 17:18:22.196301', '2023-04-21 17:18:22.196301', NULL, 675, 3)
     , ('2023-04-21 17:18:22.196301', '2023-04-21 17:18:22.196301', NULL, 676, 3)
     , ('2023-04-21 17:18:22.196301', '2023-04-21 17:18:22.196301', NULL, 677, 3)
     , ('2023-04-21 17:18:22.196301', '2023-04-21 17:18:22.196301', NULL, 678, 3)
     , ('2023-04-21 17:18:22.196301', '2023-04-21 17:18:22.196301', NULL, 679, 3)
     , ('2023-04-21 17:18:22.196301', '2023-04-21 17:18:22.196301', NULL, 680, 3)
     , ('2023-04-21 17:18:22.196301', '2023-04-21 17:18:22.196301', NULL, 681, 3)
     , ('2023-04-21 17:18:22.196301', '2023-04-21 17:18:22.196301', NULL, 682, 3)
     , ('2023-04-21 17:18:22.196301', '2023-04-21 17:18:22.196301', NULL, 683, 3)
     , ('2023-04-21 17:18:22.196301', '2023-04-21 17:18:22.196301', NULL, 684, 3)
     , ('2023-04-21 17:18:22.196301', '2023-04-21 17:18:22.196301', NULL, 685, 3)
     , ('2023-04-21 17:18:22.196301', '2023-04-21 17:18:22.196301', NULL, 686, 3)
     , ('2023-04-21 17:18:22.196301', '2023-04-21 17:18:22.196301', NULL, 687, 3)
     , ('2023-04-21 17:18:22.196301', '2023-04-21 17:18:22.196301', NULL, 688, 3)
     , ('2023-04-21 17:18:22.196301', '2023-04-21 17:18:22.196301', NULL, 689, 3)
     , ('2023-04-21 17:18:22.196301', '2023-04-21 17:18:22.196301', NULL, 690, 3)
     , ('2023-04-21 17:18:22.196301', '2023-04-21 17:18:22.196301', NULL, 691, 3)
     , ('2023-04-21 17:18:22.196301', '2023-04-21 17:18:22.196301', NULL, 692, 3)
     , ('2023-04-21 17:18:22.196301', '2023-04-21 17:18:22.196301', NULL, 693, 3)
     , ('2023-04-21 17:18:22.196301', '2023-04-21 17:18:22.196301', NULL, 694, 3)
     , ('2023-04-21 17:18:22.196301', '2023-04-21 17:18:22.196301', NULL, 695, 3)
     , ('2023-04-21 17:18:22.196301', '2023-04-21 17:18:22.196301', NULL, 696, 3)
     , ('2023-04-21 17:18:22.196301', '2023-04-21 17:18:22.196301', NULL, 697, 3)
     , ('2023-04-21 17:18:22.196301', '2023-04-21 17:18:22.196301', NULL, 698, 3)
     , ('2023-04-21 17:18:22.196301', '2023-04-21 17:18:22.196301', NULL, 699, 3)
     , ('2023-04-21 17:18:22.196301', '2023-04-21 17:18:22.196301', NULL, 700, 3)
     , ('2023-04-21 17:18:22.196301', '2023-04-21 17:18:22.196301', NULL, 701, 3)
     , ('2023-04-21 17:18:22.196301', '2023-04-21 17:18:22.196301', NULL, 702, 3)
     , ('2023-04-21 17:18:22.196301', '2023-04-21 17:18:22.196301', NULL, 703, 3)
     , ('2023-04-21 17:18:22.196301', '2023-04-21 17:18:22.196301', NULL, 704, 3)
     , ('2023-04-21 17:18:22.196301', '2023-04-21 17:18:22.196301', NULL, 705, 3)
     , ('2023-04-21 17:18:22.196301', '2023-04-21 17:18:22.196301', NULL, 706, 3)
     , ('2023-04-21 17:18:22.196301', '2023-04-21 17:18:22.196301', NULL, 707, 3)
     , ('2023-04-21 17:18:22.196301', '2023-04-21 17:18:22.196301', NULL, 708, 3)
     , ('2023-04-21 17:18:22.196301', '2023-04-21 17:18:22.196301', NULL, 709, 3)
     , ('2023-04-21 17:18:22.196301', '2023-04-21 17:18:22.196301', NULL, 710, 3)
     , ('2023-04-21 17:18:22.196301', '2023-04-21 17:18:22.196301', NULL, 711, 3)
     , ('2023-04-21 17:18:22.196301', '2023-04-21 17:18:22.196301', NULL, 712, 3)
     , ('2023-04-21 17:18:22.196301', '2023-04-21 17:18:22.196301', NULL, 713, 3)
     , ('2023-04-21 17:18:22.196301', '2023-04-21 17:18:22.196301', NULL, 714, 3)
     , ('2023-04-21 17:18:22.196301', '2023-04-21 17:18:22.196301', NULL, 715, 3)
     , ('2023-04-21 17:18:22.196301', '2023-04-21 17:18:22.196301', NULL, 716, 3)
     , ('2023-04-21 17:18:22.196301', '2023-04-21 17:18:22.196301', NULL, 717, 3)
     , ('2023-04-21 17:18:22.196301', '2023-04-21 17:18:22.196301', NULL, 718, 3)
     , ('2023-04-21 17:18:22.196301', '2023-04-21 17:18:22.196301', NULL, 719, 3)
     , ('2023-04-21 17:18:22.196301', '2023-04-21 17:18:22.196301', NULL, 720, 3)
     , ('2023-04-21 17:18:22.196301', '2023-04-21 17:18:22.196301', NULL, 721, 3)
     , ('2023-04-21 17:18:22.196301', '2023-04-21 17:18:22.196301', NULL, 722, 3)
     , ('2023-04-21 17:18:22.196301', '2023-04-21 17:18:22.196301', NULL, 723, 3)
     , ('2023-04-21 17:18:22.196301', '2023-04-21 17:18:22.196301', NULL, 724, 3)
     , ('2023-04-21 17:18:22.196301', '2023-04-21 17:18:22.196301', NULL, 725, 3)
     , ('2023-04-21 17:18:22.196301', '2023-04-21 17:18:22.196301', NULL, 726, 3)
     , ('2023-04-21 17:18:22.196301', '2023-04-21 17:18:22.196301', NULL, 727, 3)
     , ('2023-04-21 17:18:22.196301', '2023-04-21 17:18:22.196301', NULL, 728, 3)
     , ('2023-04-21 17:18:22.196301', '2023-04-21 17:18:22.196301', NULL, 729, 3)
     , ('2023-04-21 17:18:22.196301', '2023-04-21 17:18:22.196301', NULL, 730, 3)
     , ('2023-04-21 17:18:22.196301', '2023-04-21 17:18:22.196301', NULL, 731, 3)
     , ('2023-04-21 17:18:22.196301', '2023-04-21 17:18:22.196301', NULL, 732, 3)
     , ('2023-04-21 17:18:22.196301', '2023-04-21 17:18:22.196301', NULL, 733, 3)
     , ('2023-04-21 17:18:22.196301', '2023-04-21 17:18:22.196301', NULL, 734, 3)
     , ('2023-04-21 17:18:22.196301', '2023-04-21 17:18:22.196301', NULL, 735, 3)
     , ('2023-04-21 17:18:22.196301', '2023-04-21 17:18:22.196301', NULL, 736, 3)
     , ('2023-04-21 17:18:22.196301', '2023-04-21 17:18:22.196301', NULL, 737, 3)
     , ('2023-04-21 17:18:22.196301', '2023-04-21 17:18:22.196301', NULL, 738, 3)
     , ('2023-04-21 17:18:22.196301', '2023-04-21 17:18:22.196301', NULL, 739, 3)
     , ('2023-04-21 17:18:22.196301', '2023-04-21 17:18:22.196301', NULL, 740, 3)
     , ('2023-04-21 17:18:22.196301', '2023-04-21 17:18:22.196301', NULL, 741, 3)
     , ('2023-04-21 17:18:22.196301', '2023-04-21 17:18:22.196301', NULL, 742, 3)
     , ('2023-04-21 17:18:22.196301', '2023-04-21 17:18:22.196301', NULL, 743, 3)
     , ('2023-04-21 17:18:22.196301', '2023-04-21 17:18:22.196301', NULL, 744, 3)
     , ('2023-04-21 17:18:22.196301', '2023-04-21 17:18:22.196301', NULL, 745, 3)
     , ('2023-04-21 17:18:22.196301', '2023-04-21 17:18:22.196301', NULL, 746, 3)
     , ('2023-04-21 17:18:22.196301', '2023-04-21 17:18:22.196301', NULL, 747, 3)
     , ('2023-04-21 17:18:22.196301', '2023-04-21 17:18:22.196301', NULL, 748, 3)
     , ('2023-04-21 17:18:22.196301', '2023-04-21 17:18:22.196301', NULL, 749, 3)
     , ('2023-04-21 17:18:22.196301', '2023-04-21 17:18:22.196301', NULL, 750, 3)
     , ('2023-04-21 17:18:22.196301', '2023-04-21 17:18:22.196301', NULL, 751, 3)
     , ('2023-04-21 17:18:22.196301', '2023-04-21 17:18:22.196301', NULL, 752, 3)
     , ('2023-04-21 17:18:22.196301', '2023-04-21 17:18:22.196301', NULL, 753, 3)
     , ('2023-04-21 17:18:22.196301', '2023-04-21 17:18:22.196301', NULL, 754, 3)
     , ('2023-04-21 17:18:22.196301', '2023-04-21 17:18:22.196301', NULL, 755, 3)
     , ('2023-04-21 17:18:22.196301', '2023-04-21 17:18:22.196301', NULL, 756, 3)
     , ('2023-04-21 17:18:22.196301', '2023-04-21 17:18:22.196301', NULL, 757, 3)
     , ('2023-04-21 17:18:22.196301', '2023-04-21 17:18:22.196301', NULL, 758, 3)
     , ('2023-04-21 17:18:22.196301', '2023-04-21 17:18:22.196301', NULL, 759, 3)
     , ('2023-04-21 17:18:22.196301', '2023-04-21 17:18:22.196301', NULL, 760, 3)
     , ('2023-04-21 17:18:22.196301', '2023-04-21 17:18:22.196301', NULL, 761, 3)
     , ('2023-04-21 17:18:22.196301', '2023-04-21 17:18:22.196301', NULL, 762, 3)
     , ('2023-04-21 17:18:22.196301', '2023-04-21 17:18:22.196301', NULL, 763, 3)
     , ('2023-04-21 17:18:22.196301', '2023-04-21 17:18:22.196301', NULL, 764, 3)
     , ('2023-04-21 17:18:22.196301', '2023-04-21 17:18:22.196301', NULL, 765, 3)
     , ('2023-04-21 17:18:22.196301', '2023-04-21 17:18:22.196301', NULL, 766, 3)
     , ('2023-04-21 17:18:22.196301', '2023-04-21 17:18:22.196301', NULL, 767, 3)
     , ('2023-04-21 17:18:22.196301', '2023-04-21 17:18:22.196301', NULL, 768, 3)
     , ('2023-04-21 17:18:22.196301', '2023-04-21 17:18:22.196301', NULL, 769, 3)
     , ('2023-04-21 17:18:22.196301', '2023-04-21 17:18:22.196301', NULL, 770, 3)
     , ('2023-04-21 17:18:22.196301', '2023-04-21 17:18:22.196301', NULL, 771, 3)
     , ('2023-04-21 17:18:22.196301', '2023-04-21 17:18:22.196301', NULL, 772, 3)
     , ('2023-04-21 17:18:22.196301', '2023-04-21 17:18:22.196301', NULL, 773, 3)
     , ('2023-04-21 17:18:22.196301', '2023-04-21 17:18:22.196301', NULL, 774, 3)
     , ('2023-04-21 17:18:22.196301', '2023-04-21 17:18:22.196301', NULL, 775, 3)
     , ('2023-04-21 17:18:22.196301', '2023-04-21 17:18:22.196301', NULL, 776, 3)
     , ('2023-04-21 17:18:22.196301', '2023-04-21 17:18:22.196301', NULL, 777, 3)
     , ('2023-04-21 17:18:22.196301', '2023-04-21 17:18:22.196301', NULL, 778, 3)
     , ('2023-04-21 17:18:22.196301', '2023-04-21 17:18:22.196301', NULL, 779, 3)
     , ('2023-04-21 17:18:22.196301', '2023-04-21 17:18:22.196301', NULL, 780, 3)
     , ('2023-04-21 17:18:22.196301', '2023-04-21 17:18:22.196301', NULL, 781, 3)
     , ('2023-04-21 17:18:22.196301', '2023-04-21 17:18:22.196301', NULL, 782, 3)
     , ('2023-04-21 17:18:22.196301', '2023-04-21 17:18:22.196301', NULL, 783, 3)
     , ('2023-04-21 17:18:22.196301', '2023-04-21 17:18:22.196301', NULL, 784, 3)
     , ('2023-04-21 17:18:22.196301', '2023-04-21 17:18:22.196301', NULL, 785, 3)
     , ('2023-04-21 17:18:22.196301', '2023-04-21 17:18:22.196301', NULL, 786, 3)
     , ('2023-04-21 17:18:22.196301', '2023-04-21 17:18:22.196301', NULL, 787, 3)
     , ('2023-04-21 17:18:22.196301', '2023-04-21 17:18:22.196301', NULL, 788, 3)
     , ('2023-04-21 17:18:22.196301', '2023-04-21 17:18:22.196301', NULL, 789, 3);
SET foreign_key_checks = 1;